/*
 * ArdufigoROM.h - Auto-generated ROM image for Arduino-Forth
 * 
 * This file contains the outer interpreter compiled from Ardufigo.ASM
 * Generated by hex2header.py - Open Source TASM replacement
 * 
 * FIG-FORTH is PUBLIC DOMAIN
 * This publication has been made available by the
 *   Forth Interest Group
 *   P.O.Box 1105
 *   San Carlos, CA 94070
 *   U.S.A.
 */

const PROGMEM byte body[0x4000] = {
0x00, 0x1B, 0xCC, 0x11, 0xBF, 0x11, 0x01, 0x01, 0x61, 0x0E, 0x17, 0x20, 0x08, 0x00, 0xC0, 0x93, // ........a.. .... 0000
0x1F, 0x00, 0x0F, 0x00, 0x6D, 0x93, 0x1F, 0x00, 0x00, 0x00, 0x12, 0x80, 0x12, 0x80, 0x0E, 0x80, // ....m........... 0010
0xE3, 0x32, 0x0C, 0x4A, 0x00, 0x00, 0x00, 0x00, 0x00, 0x00, 0x46, 0x69, 0x67, 0x64, 0x75, 0x69, // .2.J......Figdui 0020
0x6E, 0x6F, 0x00, 0x00, 0x00, 0x00, 0x00, 0x00, 0x00, 0x00, 0x00, 0x00, 0x00, 0x00, 0x00, 0x00, // no.............. 0030
0x00, 0x00, 0x00, 0x00, 0x00, 0x00, 0x00, 0x00, 0x00, 0x00, 0x00, 0x00, 0x00, 0x00, 0x00, 0x00, // ................ 0040
0x00, 0x00, 0x00, 0x00, 0x00, 0x00, 0x00, 0x00, 0x00, 0x00, 0x00, 0x00, 0x00, 0x00, 0x00, 0x00, // ................ 0050
0x00, 0x00, 0x00, 0x00, 0x00, 0x00, 0x00, 0x00, 0x00, 0x00, 0x00, 0x00, 0x00, 0x00, 0x00, 0x00, // ................ 0060
0x00, 0x00, 0x00, 0x00, 0x00, 0x00, 0x00, 0x00, 0x00, 0x00, 0x00, 0x00, 0x00, 0x00, 0x00, 0x00, // ................ 0070
0x00, 0x00, 0x00, 0x00, 0x00, 0x00, 0x00, 0x00, 0x00, 0x00, 0x00, 0x00, 0x00, 0x00, 0x00, 0x00, // ................ 0080
0x00, 0x00, 0x00, 0x00, 0x00, 0x00, 0x00, 0x00, 0x00, 0x00, 0x00, 0x00, 0x00, 0x00, 0x00, 0x00, // ................ 0090
0x00, 0x00, 0x00, 0x00, 0x00, 0x00, 0x00, 0x00, 0x00, 0x00, 0x00, 0x00, 0x00, 0x00, 0x00, 0x00, // ................ 00A0
0x00, 0x00, 0x00, 0x00, 0x00, 0x00, 0x00, 0x00, 0x00, 0x00, 0x00, 0x00, 0x00, 0x00, 0x00, 0x00, // ................ 00B0
0x00, 0x00, 0x00, 0x00, 0x00, 0x00, 0x00, 0x00, 0x00, 0x00, 0x00, 0x00, 0x00, 0x00, 0x00, 0x00, // ................ 00C0
0x00, 0x00, 0x00, 0x00, 0x00, 0x00, 0x00, 0x00, 0x00, 0x00, 0x00, 0x00, 0x00, 0x00, 0x00, 0x00, // ................ 00D0
0x00, 0x00, 0x00, 0x00, 0x00, 0x00, 0x00, 0x00, 0x00, 0x00, 0x00, 0x00, 0x00, 0x00, 0x00, 0x00, // ................ 00E0
0x00, 0x00, 0x00, 0x00, 0x00, 0x00, 0x00, 0x00, 0x00, 0x00, 0x00, 0x00, 0x00, 0x00, 0x00, 0x00, // ................ 00F0
0x84, 0x4E, 0x4F, 0x4F, 0x50, 0x00, 0x00, 0xB2, 0x06, 0xBB, 0x04, 0x84, 0x43, 0x4C, 0x49, 0x54, // .NOOP.......CLIT 0100
0x00, 0x01, 0x14, 0x01, 0x00, 0x00, 0x83, 0x4C, 0x49, 0x54, 0x0B, 0x01, 0x1E, 0x01, 0x00, 0x00, // .......LIT...... 0110
0x84, 0x44, 0x4C, 0x49, 0x54, 0x16, 0x01, 0x29, 0x01, 0x00, 0x00, 0x87, 0x45, 0x58, 0x45, 0x43, // .DLIT..)....EXEC 0120
0x55, 0x54, 0x45, 0x20, 0x01, 0x37, 0x01, 0x00, 0x00, 0x86, 0x42, 0x52, 0x41, 0x4E, 0x43, 0x48, // UTE .7....BRANCH 0130
0x2B, 0x01, 0x44, 0x01, 0x00, 0x00, 0x87, 0x30, 0x42, 0x52, 0x41, 0x4E, 0x43, 0x48, 0x39, 0x01, // +.D....0BRANCH9. 0140
0x52, 0x01, 0x00, 0x00, 0x86, 0x28, 0x4C, 0x4F, 0x4F, 0x50, 0x29, 0x46, 0x01, 0x5F, 0x01, 0x00, // R....(LOOP)F._.. 0150
0x00, 0x87, 0x28, 0x2B, 0x4C, 0x4F, 0x4F, 0x50, 0x29, 0x54, 0x01, 0x6D, 0x01, 0x00, 0x00, 0x84, // ..(+LOOP)T.m.... 0160
0x28, 0x44, 0x4F, 0x29, 0x61, 0x01, 0x78, 0x01, 0x00, 0x00, 0x84, 0x28, 0x4F, 0x46, 0x29, 0x6F, // (DO)a.x....(OF)o 0170
0x01, 0x83, 0x01, 0x00, 0x00, 0x82, 0x3E, 0x4C, 0x7A, 0x01, 0x8C, 0x01, 0x00, 0x00, 0x82, 0x4C, // ......>Lz......L 0180
0x3E, 0x85, 0x01, 0x95, 0x01, 0x00, 0x00, 0x82, 0x4C, 0x40, 0x8E, 0x01, 0x9E, 0x01, 0x00, 0x00, // >.......L@...... 0190
0x81, 0x49, 0x97, 0x01, 0xA6, 0x01, 0x00, 0x00, 0x82, 0x49, 0x27, 0xA0, 0x01, 0xAF, 0x01, 0x00, // .I.......I'..... 01A0
0x00, 0x81, 0x4A, 0xA8, 0x01, 0xB7, 0x01, 0x00, 0x00, 0x82, 0x4A, 0x27, 0xB1, 0x01, 0xC0, 0x01, // ..J.......J'.... 01B0
0x00, 0x00, 0x81, 0x4B, 0xB9, 0x01, 0xC8, 0x01, 0x00, 0x00, 0x82, 0x4B, 0x27, 0xC2, 0x01, 0xD1, // ...K.......K'... 01C0
0x01, 0x00, 0x00, 0x85, 0x44, 0x49, 0x47, 0x49, 0x54, 0xCA, 0x01, 0xDD, 0x01, 0x00, 0x00, 0x86, // ....DIGIT....... 01D0
0x28, 0x46, 0x49, 0x4E, 0x44, 0x29, 0xD3, 0x01, 0xEA, 0x01, 0x00, 0x00, 0x87, 0x45, 0x4E, 0x43, // (FIND).......ENC 01E0
0x4C, 0x4F, 0x53, 0x45, 0xDF, 0x01, 0xF8, 0x01, 0x00, 0x00, 0x8C, 0x53, 0x45, 0x52, 0x49, 0x41, // LOSE.......SERIA 01F0
0x4C, 0x2E, 0x4D, 0x4F, 0x44, 0x45, 0x53, 0xEC, 0x01, 0xED, 0x06, 0x53, 0x45, 0x52, 0x49, 0x41, // L.MODES....SERIA 0200
0x4C, 0x5F, 0x35, 0x4E, 0x31, 0x53, 0x45, 0x52, 0x49, 0x41, 0x4C, 0x5F, 0x36, 0x4E, 0x31, 0x53, // L_5N1SERIAL_6N1S 0210
0x45, 0x52, 0x49, 0x41, 0x4C, 0x5F, 0x37, 0x4E, 0x31, 0x53, 0x45, 0x52, 0x49, 0x41, 0x4C, 0x5F, // ERIAL_7N1SERIAL_ 0220
0x38, 0x4E, 0x31, 0x53, 0x45, 0x52, 0x49, 0x41, 0x4C, 0x5F, 0x35, 0x4E, 0x32, 0x53, 0x45, 0x52, // 8N1SERIAL_5N2SER 0230
0x49, 0x41, 0x4C, 0x5F, 0x36, 0x4E, 0x32, 0x53, 0x45, 0x52, 0x49, 0x41, 0x4C, 0x5F, 0x37, 0x4E, // IAL_6N2SERIAL_7N 0240
0x32, 0x53, 0x45, 0x52, 0x49, 0x41, 0x4C, 0x5F, 0x38, 0x4E, 0x32, 0x53, 0x45, 0x52, 0x49, 0x41, // 2SERIAL_8N2SERIA 0250
0x4C, 0x5F, 0x35, 0x45, 0x31, 0x53, 0x45, 0x52, 0x49, 0x41, 0x4C, 0x5F, 0x36, 0x45, 0x31, 0x53, // L_5E1SERIAL_6E1S 0260
0x45, 0x52, 0x49, 0x41, 0x4C, 0x5F, 0x37, 0x45, 0x31, 0x53, 0x45, 0x52, 0x49, 0x41, 0x4C, 0x5F, // ERIAL_7E1SERIAL_ 0270
0x38, 0x45, 0x31, 0x53, 0x45, 0x52, 0x49, 0x41, 0x4C, 0x5F, 0x35, 0x45, 0x32, 0x53, 0x45, 0x52, // 8E1SERIAL_5E2SER 0280
0x49, 0x41, 0x4C, 0x5F, 0x36, 0x45, 0x32, 0x53, 0x45, 0x52, 0x49, 0x41, 0x4C, 0x5F, 0x37, 0x45, // IAL_6E2SERIAL_7E 0290
0x32, 0x53, 0x45, 0x52, 0x49, 0x41, 0x4C, 0x5F, 0x38, 0x45, 0x32, 0x53, 0x45, 0x52, 0x49, 0x41, // 2SERIAL_8E2SERIA 02A0
0x4C, 0x5F, 0x35, 0x4F, 0x31, 0x53, 0x45, 0x52, 0x49, 0x41, 0x4C, 0x5F, 0x36, 0x4F, 0x31, 0x53, // L_5O1SERIAL_6O1S 02B0
0x45, 0x52, 0x49, 0x41, 0x4C, 0x5F, 0x37, 0x4F, 0x31, 0x53, 0x45, 0x52, 0x49, 0x41, 0x4C, 0x5F, // ERIAL_7O1SERIAL_ 02C0
0x38, 0x4F, 0x31, 0x53, 0x45, 0x52, 0x49, 0x41, 0x4C, 0x5F, 0x35, 0x4F, 0x32, 0x53, 0x45, 0x52, // 8O1SERIAL_5O2SER 02D0
0x49, 0x41, 0x4C, 0x5F, 0x36, 0x4F, 0x32, 0x53, 0x45, 0x52, 0x49, 0x41, 0x4C, 0x5F, 0x37, 0x4F, // IAL_6O2SERIAL_7O 02E0
0x32, 0x53, 0x45, 0x52, 0x49, 0x41, 0x4C, 0x5F, 0x38, 0x4F, 0x32, 0x8A, 0x28, 0x53, 0x45, 0x54, // 2SERIAL_8O2.(SET 02F0
0x42, 0x41, 0x55, 0x44, 0x30, 0x29, 0xFA, 0x01, 0x0A, 0x03, 0x00, 0x00, 0x8A, 0x28, 0x53, 0x45, // BAUD0).......(SE 0300
0x54, 0x42, 0x41, 0x55, 0x44, 0x31, 0x29, 0xFB, 0x02, 0x1B, 0x03, 0x00, 0x00, 0x8A, 0x28, 0x53, // TBAUD1).......(S 0310
0x45, 0x54, 0x42, 0x41, 0x55, 0x44, 0x32, 0x29, 0x0C, 0x03, 0x2C, 0x03, 0x00, 0x00, 0x8A, 0x28, // ETBAUD2)..,....( 0320
0x53, 0x45, 0x54, 0x42, 0x41, 0x55, 0x44, 0x33, 0x29, 0x1D, 0x03, 0x3D, 0x03, 0x00, 0x00, 0x87, // SETBAUD3)..=.... 0330
0x28, 0x45, 0x4D, 0x49, 0x54, 0x33, 0x29, 0x2E, 0x03, 0x4B, 0x03, 0x00, 0x00, 0x87, 0x28, 0x45, // (EMIT3)..K....(E 0340
0x4D, 0x49, 0x54, 0x32, 0x29, 0x3F, 0x03, 0x59, 0x03, 0x00, 0x00, 0x87, 0x28, 0x45, 0x4D, 0x49, // MIT2)?.Y....(EMI 0350
0x54, 0x31, 0x29, 0x4D, 0x03, 0x67, 0x03, 0x00, 0x00, 0x86, 0x28, 0x45, 0x4D, 0x49, 0x54, 0x29, // T1)M.g....(EMIT) 0360
0x5B, 0x03, 0x74, 0x03, 0x00, 0x00, 0x84, 0x45, 0x4D, 0x49, 0x54, 0x69, 0x03, 0xB2, 0x06, 0xD6, // [.t....EMITi.... 0370
0x08, 0x54, 0x06, 0x35, 0x01, 0x0E, 0x07, 0x05, 0x08, 0x3F, 0x06, 0xBB, 0x04, 0x86, 0x28, 0x4B, // .T.5.....?....(K 0380
0x45, 0x59, 0x33, 0x29, 0x76, 0x03, 0x98, 0x03, 0x00, 0x00, 0x86, 0x28, 0x4B, 0x45, 0x59, 0x32, // EY3)v......(KEY2 0390
0x29, 0x8D, 0x03, 0xA5, 0x03, 0x00, 0x00, 0x86, 0x28, 0x4B, 0x45, 0x59, 0x31, 0x29, 0x9A, 0x03, // ).......(KEY1).. 03A0
0xB2, 0x03, 0x00, 0x00, 0x86, 0x28, 0x4B, 0x45, 0x59, 0x30, 0x29, 0xA7, 0x03, 0xBF, 0x03, 0x00, // .....(KEY0)..... 03B0
0x00, 0x83, 0x4B, 0x45, 0x59, 0xB4, 0x03, 0xC9, 0x03, 0x00, 0x00, 0x89, 0x3F, 0x54, 0x45, 0x52, // ..KEY.......?TER 03C0
0x4D, 0x49, 0x4E, 0x41, 0x4C, 0xC1, 0x03, 0xD9, 0x03, 0x00, 0x00, 0x82, 0x43, 0x52, 0xCB, 0x03, // MINAL.......CR.. 03D0
0xB2, 0x06, 0x1C, 0x01, 0x0D, 0x00, 0x7D, 0x03, 0x06, 0x07, 0x05, 0x08, 0x78, 0x06, 0xBB, 0x04, // ......}.....x... 03E0
0x82, 0x4C, 0x46, 0xDB, 0x03, 0xB2, 0x06, 0x1C, 0x01, 0x0A, 0x00, 0x7D, 0x03, 0xBB, 0x04, 0x84, // .LF........}.... 03F0
0x43, 0x52, 0x4C, 0x46, 0xF0, 0x03, 0xB2, 0x06, 0xF5, 0x03, 0xE0, 0x03, 0xBB, 0x04, 0x83, 0x43, // CRLF...........C 0400
0x4C, 0x53, 0xFF, 0x03, 0xB2, 0x06, 0x1C, 0x01, 0x0C, 0x00, 0x7D, 0x03, 0x06, 0x07, 0x05, 0x08, // LS........}..... 0410
0x78, 0x06, 0xBB, 0x04, 0x85, 0x43, 0x4D, 0x4F, 0x56, 0x45, 0x0E, 0x04, 0x2E, 0x04, 0x00, 0x00, // x....CMOVE...... 0420
0x86, 0x2D, 0x43, 0x4D, 0x4F, 0x56, 0x45, 0x24, 0x04, 0x3B, 0x04, 0x00, 0x00, 0x82, 0x55, 0x2A, // .-CMOVE$.;....U* 0430
0x30, 0x04, 0x44, 0x04, 0x00, 0x00, 0x82, 0x55, 0x2F, 0x3D, 0x04, 0x4D, 0x04, 0x00, 0x00, 0x83, // 0.D....U/=.M.... 0440
0x41, 0x4E, 0x44, 0x46, 0x04, 0x57, 0x04, 0x00, 0x00, 0x82, 0x4F, 0x52, 0x4F, 0x04, 0x60, 0x04, // ANDF.W....ORO.`. 0450
0x00, 0x00, 0x83, 0x58, 0x4F, 0x52, 0x59, 0x04, 0x6A, 0x04, 0x00, 0x00, 0x83, 0x4E, 0x4F, 0x54, // ...XORY.j....NOT 0460
0x62, 0x04, 0xB2, 0x06, 0x17, 0x07, 0x68, 0x04, 0xBB, 0x04, 0x83, 0x53, 0x50, 0x40, 0x6C, 0x04, // b.....h....SP@l. 0470
0x82, 0x04, 0x00, 0x00, 0x83, 0x53, 0x50, 0x21, 0x7A, 0x04, 0x8C, 0x04, 0x00, 0x00, 0x85, 0x44, // .....SP!z......D 0480
0x45, 0x50, 0x54, 0x48, 0x84, 0x04, 0xB2, 0x06, 0x80, 0x04, 0x9E, 0x07, 0x54, 0x06, 0xBE, 0x05, // EPTH........T... 0490
0x6A, 0x09, 0xBB, 0x04, 0x83, 0x52, 0x50, 0x40, 0x8E, 0x04, 0xAC, 0x04, 0x00, 0x00, 0x83, 0x52, // j....RP@.......R 04A0
0x50, 0x21, 0xA4, 0x04, 0xB6, 0x04, 0x00, 0x00, 0x82, 0xAE, 0x04, 0xBD, 0x04, 0x00, 0x00, 0x85, // P!.............. 04B0
0x4C, 0x45, 0x41, 0x56, 0x45, 0xB6, 0x04, 0xC9, 0x04, 0x00, 0x00, 0x82, 0x3E, 0x52, 0xBF, 0x04, // LEAVE.......>R.. 04C0
0xD2, 0x04, 0x00, 0x00, 0x82, 0x52, 0x3E, 0xCB, 0x04, 0xDB, 0x04, 0x00, 0x00, 0x81, 0x52, 0xD4, // .....R>.......R. 04D0
0x04, 0xE3, 0x04, 0x00, 0x00, 0x82, 0x52, 0x40, 0xDD, 0x04, 0xEC, 0x04, 0x00, 0x00, 0x82, 0x30, // ......R@.......0 04E0
0x3D, 0xE5, 0x04, 0xF5, 0x04, 0x00, 0x00, 0x83, 0x30, 0x3C, 0x3E, 0xEE, 0x04, 0xB2, 0x06, 0xF3, // =.......0<>..... 04F0
0x04, 0xF3, 0x04, 0xBB, 0x04, 0x82, 0x30, 0x3C, 0xF7, 0x04, 0x0C, 0x05, 0x00, 0x00, 0x82, 0x30, // ......0<.......0 0500
0x3E, 0x05, 0x05, 0xB2, 0x06, 0xC8, 0x05, 0xF3, 0x04, 0xBE, 0x05, 0x0A, 0x05, 0x5E, 0x04, 0x17, // >............^.. 0510
0x07, 0x68, 0x04, 0xBB, 0x04, 0x87, 0x42, 0x45, 0x54, 0x57, 0x45, 0x45, 0x4E, 0x0E, 0x05, 0xB2, // .h....BETWEEN... 0520
0x06, 0xA3, 0x09, 0xC8, 0x05, 0x8A, 0x01, 0x99, 0x09, 0xBE, 0x05, 0x93, 0x01, 0x7A, 0x09, 0x55, // .............z.U 0530
0x04, 0xBB, 0x04, 0x81, 0x2B, 0x25, 0x05, 0x49, 0x05, 0x00, 0x00, 0x82, 0x44, 0x2B, 0x43, 0x05, // ....+%.I....D+C. 0540
0x52, 0x05, 0x00, 0x00, 0x82, 0x44, 0x2D, 0x4B, 0x05, 0xB2, 0x06, 0x83, 0x05, 0x50, 0x05, 0xBB, // R....D-K.....P.. 0550
0x04, 0x85, 0x4D, 0x49, 0x4E, 0x55, 0x53, 0x54, 0x05, 0x6B, 0x05, 0x00, 0x00, 0x86, 0x4E, 0x45, // ..MINUST.k....NE 0560
0x47, 0x41, 0x54, 0x45, 0x61, 0x05, 0x78, 0x05, 0x00, 0x00, 0x86, 0x44, 0x4D, 0x49, 0x4E, 0x55, // GATEa.x....DMINU 0570
0x53, 0x6D, 0x05, 0x85, 0x05, 0x00, 0x00, 0x87, 0x44, 0x4E, 0x45, 0x47, 0x41, 0x54, 0x45, 0x7A, // Sm......DNEGATEz 0580
0x05, 0x93, 0x05, 0x00, 0x00, 0x84, 0x4F, 0x56, 0x45, 0x52, 0x87, 0x05, 0x9E, 0x05, 0x00, 0x00, // ......OVER...... 0590
0x84, 0x44, 0x52, 0x4F, 0x50, 0x95, 0x05, 0xA9, 0x05, 0x00, 0x00, 0x85, 0x32, 0x44, 0x52, 0x4F, // .DROP.......2DRO 05A0
0x50, 0xA0, 0x05, 0xB5, 0x05, 0x00, 0x00, 0x84, 0x53, 0x57, 0x41, 0x50, 0xAB, 0x05, 0xC0, 0x05, // P.......SWAP.... 05B0
0x00, 0x00, 0x83, 0x44, 0x55, 0x50, 0xB7, 0x05, 0xCA, 0x05, 0x00, 0x00, 0x84, 0x54, 0x55, 0x43, // ...DUP.......TUC 05C0
0x4B, 0xC2, 0x05, 0xB2, 0x06, 0xC8, 0x05, 0xF0, 0x05, 0xBB, 0x04, 0x83, 0x4E, 0x49, 0x50, 0xCC, // K...........NIP. 05D0
0x05, 0xB2, 0x06, 0xBE, 0x05, 0xA7, 0x05, 0xBB, 0x04, 0x84, 0x2D, 0x52, 0x4F, 0x54, 0xDB, 0x05, // ..........-ROT.. 05E0
0xB2, 0x06, 0xA3, 0x09, 0xA3, 0x09, 0xBB, 0x04, 0x85, 0x43, 0x53, 0x57, 0x41, 0x50, 0xE9, 0x05, // .........CSWAP.. 05F0
0x02, 0x06, 0x00, 0x00, 0x84, 0x50, 0x49, 0x43, 0x4B, 0xF8, 0x05, 0x0D, 0x06, 0x00, 0x00, 0x84, // .....PICK....... 0600
0x32, 0x44, 0x55, 0x50, 0x04, 0x06, 0xB2, 0x06, 0x9C, 0x05, 0x9C, 0x05, 0xBB, 0x04, 0x85, 0x32, // 2DUP...........2 0610
0x53, 0x57, 0x41, 0x50, 0x0F, 0x06, 0xB2, 0x06, 0x8A, 0x01, 0x8A, 0x01, 0xD0, 0x04, 0xD0, 0x04, // SWAP............ 0620
0x93, 0x01, 0x93, 0x01, 0xD9, 0x04, 0xD9, 0x04, 0xBB, 0x04, 0x82, 0x2B, 0x21, 0x1E, 0x06, 0x41, // ...........+!..A 0630
0x06, 0x00, 0x00, 0x86, 0x54, 0x4F, 0x47, 0x47, 0x4C, 0x45, 0x3A, 0x06, 0x4E, 0x06, 0x00, 0x00, // ....TOGGLE:.N... 0640
0x81, 0x40, 0x43, 0x06, 0x56, 0x06, 0x00, 0x00, 0x82, 0x43, 0x40, 0x50, 0x06, 0x5F, 0x06, 0x00, // .@C.V....C@P._.. 0650
0x00, 0x82, 0x32, 0x40, 0x58, 0x06, 0xB2, 0x06, 0xC8, 0x05, 0xF5, 0x08, 0x54, 0x06, 0xBE, 0x05, // ..2@X.......T... 0660
0x54, 0x06, 0xBB, 0x04, 0x81, 0x21, 0x61, 0x06, 0x7A, 0x06, 0x00, 0x00, 0x82, 0x43, 0x21, 0x74, // T....!a.z....C!t 0670
0x06, 0x83, 0x06, 0x00, 0x00, 0x82, 0x32, 0x21, 0x7C, 0x06, 0xB2, 0x06, 0xC8, 0x05, 0xF5, 0x08, // ......2!|....... 0680
0x8A, 0x01, 0x78, 0x06, 0x93, 0x01, 0x78, 0x06, 0xBB, 0x04, 0xC1, 0x3A, 0x85, 0x06, 0xB2, 0x06, // ..x...x....:.... 0690
0xAB, 0x0A, 0x66, 0x0A, 0x34, 0x08, 0x54, 0x06, 0x27, 0x08, 0x78, 0x06, 0x76, 0x0F, 0x91, 0x0B, // ..f.4.T.'.x.v... 06A0
0x06, 0x0C, 0x00, 0x00, 0xC1, 0x9A, 0x06, 0xB2, 0x06, 0xD5, 0x0A, 0x6D, 0x0B, 0xBB, 0x04, 0xA6, // ...........m.... 06B0
0x0B, 0x83, 0x0B, 0xBB, 0x04, 0x88, 0x43, 0x4F, 0x4E, 0x53, 0x54, 0x41, 0x4E, 0x54, 0xB3, 0x06, // ......CONSTANT.. 06C0
0xB2, 0x06, 0x76, 0x0F, 0xA6, 0x0B, 0x49, 0x09, 0x06, 0x0C, 0x00, 0x00, 0x88, 0x56, 0x41, 0x52, // ..v...I......VAR 06D0
0x49, 0x41, 0x42, 0x4C, 0x45, 0xC5, 0x06, 0xB2, 0x06, 0xD0, 0x06, 0x06, 0x0C, 0x00, 0x00, 0x84, // IABLE........... 06E0
0x55, 0x53, 0x45, 0x52, 0xDC, 0x06, 0xB2, 0x06, 0xD0, 0x06, 0x06, 0x0C, 0x00, 0x00, 0x00, 0x00, // USER............ 06F0
0x00, 0x00, 0x81, 0x30, 0xEF, 0x06, 0x08, 0x07, 0x00, 0x00, 0x81, 0x31, 0x02, 0x07, 0x10, 0x07, // ...0.......1.... 0700
0x00, 0x00, 0x82, 0x2D, 0x31, 0x0A, 0x07, 0x19, 0x07, 0x00, 0x00, 0x81, 0x32, 0x12, 0x07, 0x21, // ...-1.......2..! 0710
0x07, 0x00, 0x00, 0x82, 0x2D, 0x32, 0x1B, 0x07, 0x2A, 0x07, 0x00, 0x00, 0x81, 0x33, 0x23, 0x07, // ....-2..*....3#. 0720
0xB2, 0x06, 0x1C, 0x01, 0x03, 0x00, 0xBB, 0x04, 0x82, 0x2D, 0x33, 0x2C, 0x07, 0xB2, 0x06, 0x1C, // .........-3,.... 0730
0x01, 0xFD, 0xFF, 0xBB, 0x04, 0x82, 0x42, 0x4C, 0x38, 0x07, 0xDA, 0x06, 0x20, 0x00, 0x83, 0x43, // ......BL8... ..C 0740
0x2F, 0x4C, 0x45, 0x07, 0x00, 0x07, 0xFE, 0x85, 0x46, 0x49, 0x52, 0x53, 0x54, 0x4E, 0x07, 0xDA, // /LE.....FIRSTN.. 0750
0x06, 0x6C, 0x8F, 0x85, 0x4C, 0x49, 0x4D, 0x49, 0x54, 0x57, 0x07, 0xDA, 0x06, 0x6C, 0x93, 0x85, // .l..LIMITW...l.. 0760
0x42, 0x2F, 0x42, 0x55, 0x46, 0x63, 0x07, 0x00, 0x07, 0xFC, 0x85, 0x42, 0x2F, 0x53, 0x43, 0x52, // B/BUFc.....B/SCR 0770
0x6F, 0x07, 0x00, 0x07, 0xFA, 0x87, 0x2B, 0x4F, 0x52, 0x49, 0x47, 0x49, 0x4E, 0x7A, 0x07, 0xB2, // o.....+ORIGINz.. 0780
0x06, 0x1C, 0x01, 0x02, 0x00, 0x47, 0x05, 0xBB, 0x04, 0x82, 0x53, 0x30, 0x85, 0x07, 0xFE, 0x06, // .....G....S0.... 0790
0x06, 0x00, 0x82, 0x52, 0x30, 0x99, 0x07, 0xFE, 0x06, 0x08, 0x00, 0x83, 0x54, 0x49, 0x42, 0xA2, // ...R0.......TIB. 07A0
0x07, 0xFC, 0x06, 0x0A, 0x85, 0x57, 0x49, 0x44, 0x54, 0x48, 0xAB, 0x07, 0xFC, 0x06, 0x0C, 0x87, // .....WIDTH...... 07B0
0x57, 0x41, 0x52, 0x4E, 0x49, 0x4E, 0x47, 0xB4, 0x07, 0xFC, 0x06, 0x0E, 0x85, 0x46, 0x45, 0x4E, // WARNING......FEN 07C0
0x43, 0x45, 0xBF, 0x07, 0xFC, 0x06, 0x10, 0x82, 0x44, 0x50, 0xCC, 0x07, 0xFC, 0x06, 0x12, 0x88, // CE......DP...... 07D0
0x56, 0x4F, 0x43, 0x2D, 0x4C, 0x49, 0x4E, 0x4B, 0xD7, 0x07, 0xFE, 0x06, 0x14, 0x00, 0x83, 0x42, // VOC-LINK.......B 07E0
0x4C, 0x4B, 0xDF, 0x07, 0xFC, 0x06, 0x16, 0x82, 0x49, 0x4E, 0xEE, 0x07, 0xFC, 0x06, 0x18, 0x83, // LK......IN...... 07F0
0x4F, 0x55, 0x54, 0xF7, 0x07, 0xFC, 0x06, 0x1A, 0x83, 0x53, 0x43, 0x52, 0xFF, 0x07, 0xFC, 0x06, // OUT......SCR.... 0800
0x1C, 0x86, 0x4F, 0x46, 0x46, 0x53, 0x45, 0x54, 0x08, 0x08, 0xFC, 0x06, 0x1E, 0x87, 0x43, 0x4F, // ..OFFSET......CO 0810
0x4E, 0x54, 0x45, 0x58, 0x54, 0x11, 0x08, 0xFC, 0x06, 0x20, 0x87, 0x43, 0x55, 0x52, 0x52, 0x45, // NTEXT.... .CURRE 0820
0x4E, 0x54, 0x1D, 0x08, 0xFC, 0x06, 0x22, 0x85, 0x53, 0x54, 0x41, 0x54, 0x45, 0x2A, 0x08, 0xFC, // NT....".STATE*.. 0830
0x06, 0x24, 0x84, 0x42, 0x41, 0x53, 0x45, 0x37, 0x08, 0xFC, 0x06, 0x26, 0x83, 0x44, 0x50, 0x4C, // .$.BASE7...&.DPL 0840
0x42, 0x08, 0xFC, 0x06, 0x28, 0x83, 0x46, 0x4C, 0x44, 0x4C, 0x08, 0xFC, 0x06, 0x2A, 0x83, 0x43, // B...(.FLDL...*.C 0850
0x53, 0x50, 0x55, 0x08, 0xFC, 0x06, 0x2C, 0x82, 0x52, 0x23, 0x5E, 0x08, 0xFC, 0x06, 0x2E, 0x83, // SPU...,.R#^..... 0860
0x48, 0x4C, 0x44, 0x67, 0x08, 0xFE, 0x06, 0x30, 0x00, 0x87, 0x56, 0x45, 0x52, 0x42, 0x4F, 0x53, // HLDg...0..VERBOS 0870
0x45, 0x6F, 0x08, 0xFC, 0x06, 0x32, 0x83, 0x43, 0x55, 0x42, 0x79, 0x08, 0xFC, 0x06, 0x33, 0x86, // Eo...2.CUBy...3. 0880
0x55, 0x50, 0x44, 0x41, 0x54, 0x45, 0x86, 0x08, 0xFC, 0x06, 0x35, 0x86, 0x53, 0x48, 0x41, 0x44, // UPDATE....5.SHAD 0890
0x4F, 0x57, 0x8F, 0x08, 0xFC, 0x06, 0x36, 0x84, 0x43, 0x53, 0x55, 0x4D, 0x9B, 0x08, 0xFC, 0x06, // OW....6.CSUM.... 08A0
0x37, 0x84, 0x52, 0x4F, 0x57, 0x23, 0xA7, 0x08, 0xFC, 0x06, 0x39, 0x84, 0x43, 0x4F, 0x4C, 0x23, // 7.ROW#....9.COL# 08B0
0xB1, 0x08, 0xFC, 0x06, 0x3A, 0x84, 0x43, 0x4F, 0x4D, 0x23, 0xBB, 0x08, 0xFC, 0x06, 0x3B, 0x84, // ....:.COM#....;. 08C0
0x53, 0x45, 0x52, 0x23, 0xC5, 0x08, 0xFC, 0x06, 0x3C, 0x88, 0x28, 0x53, 0x48, 0x41, 0x44, 0x4F, // SER#....<.(SHADO 08D0
0x57, 0x29, 0xCF, 0x08, 0xFC, 0x06, 0x3E, 0x82, 0x31, 0x2B, 0xD9, 0x08, 0xEE, 0x08, 0x00, 0x00, // W)....>.1+...... 08E0
0x82, 0x32, 0x2B, 0xE7, 0x08, 0xF7, 0x08, 0x00, 0x00, 0x82, 0x31, 0x2D, 0xF0, 0x08, 0x00, 0x09, // .2+.......1-.... 08F0
0x00, 0x00, 0x82, 0x32, 0x2D, 0xF9, 0x08, 0x09, 0x09, 0x00, 0x00, 0x82, 0x32, 0x2A, 0x02, 0x09, // ...2-.......2*.. 0900
0x12, 0x09, 0x00, 0x00, 0x82, 0x34, 0x2A, 0x0B, 0x09, 0x1B, 0x09, 0x00, 0x00, 0x82, 0x32, 0x2F, // .....4*.......2/ 0910
0x14, 0x09, 0x24, 0x09, 0x00, 0x00, 0x84, 0x48, 0x45, 0x52, 0x45, 0x1D, 0x09, 0xB2, 0x06, 0xDC, // ..$....HERE..... 0920
0x07, 0x54, 0x06, 0xBB, 0x04, 0x85, 0x41, 0x4C, 0x4C, 0x4F, 0x54, 0x26, 0x09, 0xB2, 0x06, 0xDC, // .T....ALLOT&.... 0930
0x07, 0x3F, 0x06, 0xBB, 0x04, 0x81, 0x2C, 0x35, 0x09, 0xB2, 0x06, 0x2D, 0x09, 0x78, 0x06, 0x1F, // .?....,5...-.x.. 0940
0x07, 0x3D, 0x09, 0xBB, 0x04, 0x82, 0x43, 0x2C, 0x45, 0x09, 0xB2, 0x06, 0x2D, 0x09, 0x81, 0x06, // .=....C,E...-... 0950
0x0E, 0x07, 0x3D, 0x09, 0xBB, 0x04, 0x81, 0x2D, 0x55, 0x09, 0x6C, 0x09, 0x00, 0x00, 0x81, 0x3D, // ..=....-U.l....= 0960
0x66, 0x09, 0x74, 0x09, 0x00, 0x00, 0x81, 0x3C, 0x6E, 0x09, 0x7C, 0x09, 0x00, 0x00, 0x82, 0x55, // f.t....<n.|....U 0970
0x3C, 0x76, 0x09, 0xB2, 0x06, 0x8A, 0x01, 0x06, 0x07, 0x93, 0x01, 0x06, 0x07, 0x59, 0x05, 0xA7, // <v...........Y.. 0980
0x05, 0x0A, 0x05, 0xBB, 0x04, 0x81, 0x3E, 0x7E, 0x09, 0x9B, 0x09, 0x00, 0x00, 0x83, 0x52, 0x4F, // ......>~......RO 0990
0x54, 0x95, 0x09, 0xA5, 0x09, 0x00, 0x00, 0x85, 0x53, 0x50, 0x41, 0x43, 0x45, 0x9D, 0x09, 0xB2, // T.......SPACE... 09A0
0x06, 0x4A, 0x07, 0x7D, 0x03, 0xBB, 0x04, 0x84, 0x2D, 0x44, 0x55, 0x50, 0xA7, 0x09, 0xB2, 0x06, // .J.}....-DUP.... 09B0
0xC8, 0x05, 0x50, 0x01, 0xC8, 0x09, 0xC8, 0x05, 0xBB, 0x04, 0x88, 0x54, 0x52, 0x41, 0x56, 0x45, // ..P........TRAVE 09C0
0x52, 0x53, 0x45, 0xB7, 0x09, 0xB2, 0x06, 0xBE, 0x05, 0x9C, 0x05, 0x47, 0x05, 0x1C, 0x01, 0x7F, // RSE........G.... 09D0
0x00, 0x9C, 0x05, 0x5D, 0x06, 0x7A, 0x09, 0x50, 0x01, 0xD9, 0x09, 0xBE, 0x05, 0xA7, 0x05, 0xBB, // ...].z.P........ 09E0
0x04, 0x86, 0x4C, 0x41, 0x54, 0x45, 0x53, 0x54, 0xCA, 0x09, 0xB2, 0x06, 0x34, 0x08, 0x54, 0x06, // ..LATEST....4.T. 09F0
0x54, 0x06, 0xBB, 0x04, 0x83, 0x4C, 0x46, 0x41, 0xF1, 0x09, 0xB2, 0x06, 0x1C, 0x01, 0x04, 0x00, // T....LFA........ 0A00
0x6A, 0x09, 0xBB, 0x04, 0x83, 0x43, 0x46, 0x41, 0x04, 0x0A, 0x1C, 0x0A, 0x00, 0x00, 0x83, 0x4E, // j....CFA.......N 0A10
0x46, 0x41, 0x14, 0x0A, 0xB2, 0x06, 0x1C, 0x01, 0x05, 0x00, 0x6A, 0x09, 0x17, 0x07, 0xD5, 0x09, // FA........j..... 0A20
0xBB, 0x04, 0x83, 0x50, 0x46, 0x41, 0x1E, 0x0A, 0xB2, 0x06, 0xC8, 0x05, 0x5D, 0x06, 0x12, 0x01, // ...PFA......]... 0A30
0x1F, 0x55, 0x04, 0x47, 0x05, 0x12, 0x01, 0x05, 0x47, 0x05, 0xBB, 0x04, 0xC4, 0x53, 0x45, 0x4C, // .U.G....G....SEL 0A40
0x46, 0x32, 0x0A, 0xB2, 0x06, 0xFA, 0x09, 0x38, 0x0A, 0x1A, 0x0A, 0x49, 0x09, 0xBB, 0x04, 0x84, // F2.....8...I.... 0A50
0x21, 0x43, 0x53, 0x50, 0x4C, 0x0A, 0xB2, 0x06, 0x80, 0x04, 0x64, 0x08, 0x78, 0x06, 0xBB, 0x04, // !CSPL.....d.x... 0A60
0x86, 0x3F, 0x45, 0x52, 0x52, 0x4F, 0x52, 0x5F, 0x0A, 0xB2, 0x06, 0xBE, 0x05, 0x50, 0x01, 0x87, // .?ERROR_.....P.. 0A70
0x0A, 0xDB, 0x0E, 0x42, 0x01, 0x89, 0x0A, 0xA7, 0x05, 0xBB, 0x04, 0x85, 0x3F, 0x43, 0x4F, 0x4D, // ...B........?COM 0A80
0x50, 0x70, 0x0A, 0xB2, 0x06, 0x3F, 0x08, 0x54, 0x06, 0xF3, 0x04, 0x1C, 0x01, 0x11, 0x00, 0x79, // Pp...?.T.......y 0A90
0x0A, 0xBB, 0x04, 0x85, 0x3F, 0x45, 0x58, 0x45, 0x43, 0x8B, 0x0A, 0xB2, 0x06, 0x3F, 0x08, 0x54, // ....?EXEC....?.T 0AA0
0x06, 0x1C, 0x01, 0x12, 0x00, 0x79, 0x0A, 0xBB, 0x04, 0x86, 0x3F, 0x50, 0x41, 0x49, 0x52, 0x53, // .....y....?PAIRS 0AB0
0xA3, 0x0A, 0xB2, 0x06, 0x6A, 0x09, 0x1C, 0x01, 0x13, 0x00, 0x79, 0x0A, 0xBB, 0x04, 0x84, 0x3F, // ....j.....y....? 0AC0
0x43, 0x53, 0x50, 0xB9, 0x0A, 0xB2, 0x06, 0x80, 0x04, 0x64, 0x08, 0x54, 0x06, 0x6A, 0x09, 0x1C, // CSP......d.T.j.. 0AD0
0x01, 0x14, 0x00, 0x79, 0x0A, 0xBB, 0x04, 0x88, 0x3F, 0x4C, 0x4F, 0x41, 0x44, 0x49, 0x4E, 0x47, // ...y....?LOADING 0AE0
0xCE, 0x0A, 0xB2, 0x06, 0xF4, 0x07, 0x54, 0x06, 0xF3, 0x04, 0x1C, 0x01, 0x16, 0x00, 0x79, 0x0A, // ......T.......y. 0AF0
0xBB, 0x04, 0x84, 0x4C, 0x4F, 0x41, 0x44, 0xE7, 0x0A, 0xB2, 0x06, 0x06, 0x07, 0xA4, 0x08, 0x81, // ...LOAD......... 0B00
0x06, 0xF4, 0x07, 0x54, 0x06, 0xD0, 0x04, 0xFC, 0x07, 0x54, 0x06, 0xD0, 0x04, 0x06, 0x07, 0xFC, // ...T.....T...... 0B10
0x07, 0x78, 0x06, 0x82, 0x07, 0xBA, 0x12, 0xF4, 0x07, 0x78, 0x06, 0x82, 0x10, 0xD9, 0x04, 0xFC, // .x.......x...... 0B20
0x07, 0x78, 0x06, 0xD9, 0x04, 0xF4, 0x07, 0x78, 0x06, 0xBB, 0x04, 0xC3, 0x2D, 0x2D, 0x3E, 0x02, // .x.....x....-->. 0B30
0x0B, 0xB2, 0x06, 0xF2, 0x0A, 0x06, 0x07, 0xA4, 0x08, 0x81, 0x06, 0x06, 0x07, 0xFC, 0x07, 0x78, // ...............x 0B40
0x06, 0x82, 0x07, 0xF4, 0x07, 0x54, 0x06, 0x9C, 0x05, 0xE7, 0x12, 0x6A, 0x09, 0xF4, 0x07, 0x3F, // .....T.....j...? 0B50
0x06, 0xBB, 0x04, 0x87, 0x43, 0x4F, 0x4D, 0x50, 0x49, 0x4C, 0x45, 0x3B, 0x0B, 0xB2, 0x06, 0x93, // ....COMPILE;.... 0B60
0x0A, 0xD9, 0x04, 0xC8, 0x05, 0xF5, 0x08, 0xD0, 0x04, 0x54, 0x06, 0x49, 0x09, 0xBB, 0x04, 0xC1, // .........T.I.... 0B70
0x5B, 0x63, 0x0B, 0xB2, 0x06, 0x06, 0x07, 0x3F, 0x08, 0x78, 0x06, 0xBB, 0x04, 0x81, 0x5D, 0x7F, // [c.....?.x....]. 0B80
0x0B, 0xB2, 0x06, 0x1C, 0x01, 0xC0, 0x00, 0x3F, 0x08, 0x78, 0x06, 0xBB, 0x04, 0x86, 0x53, 0x4D, // .......?.x....SM 0B90
0x55, 0x44, 0x47, 0x45, 0x8D, 0x0B, 0xB2, 0x06, 0xFA, 0x09, 0x1C, 0x01, 0x20, 0x00, 0x4C, 0x06, // UDGE........ .L. 0BA0
0xBB, 0x04, 0x83, 0x48, 0x45, 0x58, 0x9D, 0x0B, 0xB2, 0x06, 0x1C, 0x01, 0x10, 0x00, 0x49, 0x08, // ...HEX........I. 0BB0
0x78, 0x06, 0xBB, 0x04, 0x87, 0x44, 0x45, 0x43, 0x49, 0x4D, 0x41, 0x4C, 0xB2, 0x0B, 0xB2, 0x06, // x....DECIMAL.... 0BC0
0x1C, 0x01, 0x0A, 0x00, 0x49, 0x08, 0x78, 0x06, 0xBB, 0x04, 0x85, 0x4F, 0x43, 0x54, 0x41, 0x4C, // ....I.x....OCTAL 0BD0
0xC4, 0x0B, 0xB2, 0x06, 0x1C, 0x01, 0x08, 0x00, 0x49, 0x08, 0x78, 0x06, 0xBB, 0x04, 0x86, 0x42, // ........I.x....B 0BE0
0x49, 0x4E, 0x41, 0x52, 0x59, 0xDA, 0x0B, 0xB2, 0x06, 0x1C, 0x01, 0x02, 0x00, 0x49, 0x08, 0x78, // INARY........I.x 0BF0
0x06, 0xBB, 0x04, 0x87, 0xEE, 0x0B, 0xB2, 0x06, 0xD9, 0x04, 0xFA, 0x09, 0x38, 0x0A, 0x1A, 0x0A, // ............8... 0C00
0x78, 0x06, 0xBB, 0x04, 0xC5, 0xFC, 0x0B, 0xB2, 0x06, 0xD5, 0x0A, 0x6D, 0x0B, 0x06, 0x0C, 0x83, // x..........m.... 0C10
0x0B, 0xA6, 0x0B, 0xBB, 0x04, 0x87, 0x3C, 0x42, 0x55, 0x49, 0x4C, 0x44, 0x53, 0x0F, 0x0C, 0xB2, // ......<BUILDS... 0C20
0x06, 0x06, 0x07, 0xD0, 0x06, 0xBB, 0x04, 0x85, 0x44, 0x4F, 0x45, 0x53, 0x3E, 0x25, 0x0C, 0xB2, // ........DOES>%.. 0C30
0x06, 0xD9, 0x04, 0xFA, 0x09, 0x38, 0x0A, 0x78, 0x06, 0x06, 0x0C, 0x00, 0x00, 0x85, 0x43, 0x4F, // .....8.x......CO 0C40
0x55, 0x4E, 0x54, 0x37, 0x0C, 0xB2, 0x06, 0xC8, 0x05, 0xEC, 0x08, 0xBE, 0x05, 0x5D, 0x06, 0xBB, // UNT7.........].. 0C50
0x04, 0x84, 0x54, 0x59, 0x50, 0x45, 0x4D, 0x0C, 0x6A, 0x0C, 0x00, 0x00, 0x89, 0x2D, 0x54, 0x52, // ..TYPEM.j....-TR 0C60
0x41, 0x49, 0x4C, 0x49, 0x4E, 0x47, 0x61, 0x0C, 0xB2, 0x06, 0xC8, 0x05, 0x06, 0x07, 0x76, 0x01, // AILINGa.......v. 0C70
0x16, 0x06, 0x47, 0x05, 0xFE, 0x08, 0x5D, 0x06, 0x4A, 0x07, 0x6A, 0x09, 0x50, 0x01, 0x96, 0x0C, // ..G...].J.j.P... 0C80
0xC7, 0x04, 0x42, 0x01, 0x98, 0x0C, 0xFE, 0x08, 0x5D, 0x01, 0x80, 0x0C, 0xBB, 0x04, 0x84, 0x28, // ..B.....]......( 0C90
0x2E, 0x22, 0x29, 0x6C, 0x0C, 0xB2, 0x06, 0xE1, 0x04, 0x55, 0x0C, 0xC8, 0x05, 0xEC, 0x08, 0xD9, // .")l.....U...... 0CA0
0x04, 0x47, 0x05, 0xD0, 0x04, 0x68, 0x0C, 0xBB, 0x04, 0xC2, 0x2E, 0x22, 0x9E, 0x0C, 0xB2, 0x06, // .G...h.....".... 0CB0
0x1C, 0x01, 0x22, 0x00, 0x3F, 0x08, 0x54, 0x06, 0x50, 0x01, 0xDE, 0x0C, 0x6D, 0x0B, 0xA5, 0x0C, // ..".?.T.P...m... 0CC0
0xA9, 0x0D, 0x2D, 0x09, 0x5D, 0x06, 0xEC, 0x08, 0x3D, 0x09, 0x42, 0x01, 0xE6, 0x0C, 0xA9, 0x0D, // ..-.]...=.B..... 0CD0
0x2D, 0x09, 0x55, 0x0C, 0x68, 0x0C, 0xBB, 0x04, 0x86, 0x45, 0x58, 0x50, 0x45, 0x43, 0x54, 0xB9, // -.U.h....EXPECT. 0CE0
0x0C, 0xF3, 0x0C, 0x00, 0x00, 0x85, 0x51, 0x55, 0x45, 0x52, 0x59, 0xE8, 0x0C, 0xB2, 0x06, 0xB1, // ......QUERY..... 0CF0
0x07, 0x54, 0x06, 0x1C, 0x01, 0x50, 0x00, 0xF1, 0x0C, 0x06, 0x07, 0xFC, 0x07, 0x78, 0x06, 0xBB, // .T...P.......x.. 0D00
0x04, 0xC1, 0x00, 0xF5, 0x0C, 0xB2, 0x06, 0xF4, 0x07, 0x54, 0x06, 0x50, 0x01, 0x45, 0x0D, 0x0E, // .........T.P.E.. 0D10
0x07, 0xF4, 0x07, 0x3F, 0x06, 0x06, 0x07, 0xFC, 0x07, 0x78, 0x06, 0xF4, 0x07, 0x54, 0x06, 0x82, // ...?.....x...T.. 0D20
0x07, 0xFE, 0x08, 0x55, 0x04, 0xF3, 0x04, 0x50, 0x01, 0x41, 0x0D, 0xAB, 0x0A, 0xD9, 0x04, 0xA7, // ...U...P.A...... 0D30
0x05, 0x42, 0x01, 0x49, 0x0D, 0xD9, 0x04, 0xA7, 0x05, 0xBB, 0x04, 0x84, 0x46, 0x49, 0x4C, 0x4C, // .B.I........FILL 0D40
0x11, 0x0D, 0x54, 0x0D, 0x00, 0x00, 0x85, 0x45, 0x52, 0x41, 0x53, 0x45, 0x4B, 0x0D, 0xB2, 0x06, // ..T....ERASEK... 0D50
0x06, 0x07, 0x52, 0x0D, 0xBB, 0x04, 0x86, 0x42, 0x4C, 0x41, 0x4E, 0x4B, 0x53, 0x56, 0x0D, 0xB2, // ..R....BLANKSV.. 0D60
0x06, 0x1C, 0x01, 0x20, 0x00, 0x52, 0x0D, 0xBB, 0x04, 0x84, 0x48, 0x4F, 0x4C, 0x44, 0x66, 0x0D, // ... .R....HOLDf. 0D70
0xB2, 0x06, 0x17, 0x07, 0x75, 0x08, 0x3F, 0x06, 0x75, 0x08, 0x54, 0x06, 0x81, 0x06, 0xBB, 0x04, // ....u.?.u.T..... 0D80
0x83, 0x50, 0x41, 0x44, 0x79, 0x0D, 0xB2, 0x06, 0x2D, 0x09, 0x1C, 0x01, 0x44, 0x00, 0x47, 0x05, // .PADy...-...D.G. 0D90
0xBB, 0x04, 0x84, 0x57, 0x4F, 0x52, 0x44, 0x90, 0x0D, 0xB2, 0x06, 0xF4, 0x07, 0x54, 0x06, 0x50, // ...WORD......T.P 0DA0
0x01, 0xBD, 0x0D, 0xF4, 0x07, 0x54, 0x06, 0x36, 0x13, 0x42, 0x01, 0xC1, 0x0D, 0xB1, 0x07, 0x54, // .....T.6.B.....T 0DB0
0x06, 0xFC, 0x07, 0x54, 0x06, 0x47, 0x05, 0xBE, 0x05, 0x2D, 0x09, 0x1C, 0x01, 0x22, 0x00, 0x6F, // ...T.G...-...".o 0DC0
0x0D, 0xF6, 0x01, 0xFC, 0x07, 0x3F, 0x06, 0x9C, 0x05, 0x6A, 0x09, 0x8A, 0x01, 0x9C, 0x01, 0x2D, // .....?...j.....- 0DD0
0x09, 0x81, 0x06, 0x47, 0x05, 0x2D, 0x09, 0xEC, 0x08, 0x93, 0x01, 0x2C, 0x04, 0xBB, 0x04, 0x88, // ...G.-.....,.... 0DE0
0x28, 0x4E, 0x55, 0x4D, 0x42, 0x45, 0x52, 0x29, 0xA2, 0x0D, 0xB2, 0x06, 0xEC, 0x08, 0xC8, 0x05, // (NUMBER)........ 0DF0
0x8A, 0x01, 0x5D, 0x06, 0x49, 0x08, 0x54, 0x06, 0xDB, 0x01, 0x50, 0x01, 0x38, 0x0E, 0xBE, 0x05, // ..].I.T...P.8... 0E00
0x49, 0x08, 0x54, 0x06, 0x42, 0x04, 0xA7, 0x05, 0xA3, 0x09, 0x49, 0x08, 0x54, 0x06, 0x42, 0x04, // I.T.B.....I.T.B. 0E10
0x50, 0x05, 0x52, 0x08, 0x54, 0x06, 0xEC, 0x08, 0x50, 0x01, 0x32, 0x0E, 0x0E, 0x07, 0x52, 0x08, // P.R.T...P.2...R. 0E20
0x3F, 0x06, 0x93, 0x01, 0x42, 0x01, 0xFC, 0x0D, 0x93, 0x01, 0xBB, 0x04, 0x86, 0x4E, 0x55, 0x4D, // ?...B........NUM 0E30
0x42, 0x45, 0x52, 0xEF, 0x0D, 0xB2, 0x06, 0x06, 0x07, 0x06, 0x07, 0xA3, 0x09, 0xC8, 0x05, 0xEC, // BER............. 0E40
0x08, 0x5D, 0x06, 0x1C, 0x01, 0x2D, 0x00, 0x72, 0x09, 0xC8, 0x05, 0x8A, 0x01, 0x0E, 0x07, 0x55, // .]...-.r.......U 0E50
0x04, 0x47, 0x05, 0x1C, 0x01, 0xFF, 0xFF, 0x52, 0x08, 0x78, 0x06, 0xFA, 0x0D, 0xC8, 0x05, 0x5D, // .G.....R.x.....] 0E60
0x06, 0x4A, 0x07, 0x6A, 0x09, 0x50, 0x01, 0x8D, 0x0E, 0xC8, 0x05, 0x5D, 0x06, 0x1C, 0x01, 0x2E, // .J.j.P.....].... 0E70
0x00, 0x6A, 0x09, 0x06, 0x07, 0x79, 0x0A, 0x06, 0x07, 0x42, 0x01, 0x67, 0x0E, 0xA7, 0x05, 0x93, // .j...y...B.g.... 0E80
0x01, 0x50, 0x01, 0x97, 0x0E, 0x83, 0x05, 0xBB, 0x04, 0x85, 0x2D, 0x46, 0x49, 0x4E, 0x44, 0x3C, // .P........-FIND< 0E90
0x0E, 0xB2, 0x06, 0x4A, 0x07, 0xA9, 0x0D, 0x2D, 0x09, 0x27, 0x08, 0x54, 0x06, 0x54, 0x06, 0xE8, // ...J...-.'.T.T.. 0EA0
0x01, 0xC8, 0x05, 0xF3, 0x04, 0x50, 0x01, 0xC1, 0x0E, 0xA7, 0x05, 0x2D, 0x09, 0xFA, 0x09, 0xE8, // .....P.....-.... 0EB0
0x01, 0xBB, 0x04, 0x87, 0x28, 0x41, 0x42, 0x4F, 0x52, 0x54, 0x29, 0x99, 0x0E, 0xB2, 0x06, 0x9F, // ....(ABORT)..... 0EC0
0x11, 0xBB, 0x04, 0x85, 0x45, 0x52, 0x52, 0x4F, 0x52, 0xC3, 0x0E, 0xB2, 0x06, 0xC9, 0x07, 0x54, // ....ERROR......T 0ED0
0x06, 0x0A, 0x05, 0x50, 0x01, 0xE9, 0x0E, 0xCD, 0x0E, 0x2D, 0x09, 0x55, 0x0C, 0x68, 0x0C, 0xA5, // ...P.....-.U.h.. 0EE0
0x0C, 0x02, 0x3F, 0x20, 0x31, 0x14, 0x8A, 0x04, 0xF4, 0x07, 0x54, 0x06, 0xBE, 0x09, 0x50, 0x01, // ..? 1.....T...P. 0EF0
0x08, 0x0F, 0xFC, 0x07, 0x54, 0x06, 0xBE, 0x05, 0x70, 0x11, 0x83, 0x49, 0x44, 0x2E, 0xD3, 0x0E, // ....T...p..ID... 0F00
0xB2, 0x06, 0xC8, 0x05, 0xEC, 0x08, 0x5D, 0x06, 0xC8, 0x05, 0xF3, 0x04, 0xBE, 0x05, 0x4A, 0x07, // ......].......J. 0F10
0x72, 0x09, 0x5E, 0x04, 0x50, 0x01, 0x5A, 0x0F, 0xEC, 0x08, 0x5D, 0x06, 0x06, 0x07, 0x81, 0x01, // r.^.P.Z...]..... 0F20
0x3E, 0x0F, 0xA5, 0x0C, 0x05, 0x6E, 0x75, 0x6C, 0x6C, 0x20, 0x42, 0x01, 0x6B, 0x0F, 0x4A, 0x07, // >....null B.k.J. 0F30
0x81, 0x01, 0x54, 0x0F, 0xA5, 0x0C, 0x09, 0x76, 0x6F, 0x63, 0x2D, 0x6C, 0x69, 0x6E, 0x6B, 0x20, // ..T....voc-link  0F40
0x42, 0x01, 0x6B, 0x0F, 0xA7, 0x05, 0x42, 0x01, 0x6B, 0x0F, 0xC8, 0x05, 0xEC, 0x08, 0xBE, 0x05, // B.k...B.k....... 0F50
0x5D, 0x06, 0x12, 0x01, 0x1F, 0x55, 0x04, 0x68, 0x0C, 0xAF, 0x09, 0xBB, 0x04, 0x86, 0x43, 0x52, // ]....U.h......CR 0F60
0x45, 0x41, 0x54, 0x45, 0x0A, 0x0F, 0xB2, 0x06, 0xA1, 0x0E, 0x50, 0x01, 0x8C, 0x0F, 0xA7, 0x05, // EATE......P..... 0F70
0x24, 0x0A, 0x10, 0x0F, 0x1C, 0x01, 0x04, 0x00, 0x31, 0x14, 0xAF, 0x09, 0x2D, 0x09, 0xC8, 0x05, // $.......1...-... 0F80
0x5D, 0x06, 0xBC, 0x07, 0x54, 0x06, 0x4C, 0x12, 0xEC, 0x08, 0x3D, 0x09, 0xC8, 0x05, 0x1C, 0x01, // ]...T.L...=..... 0F90
0xA0, 0x00, 0x4C, 0x06, 0xFA, 0x09, 0x49, 0x09, 0x34, 0x08, 0x54, 0x06, 0x78, 0x06, 0x2D, 0x09, // ..L...I.4.T.x.-. 0FA0
0xF5, 0x08, 0x49, 0x09, 0xBB, 0x04, 0xC9, 0x5B, 0x43, 0x4F, 0x4D, 0x50, 0x49, 0x4C, 0x45, 0x5D, // ..I....[COMPILE] 0FB0
0x6D, 0x0F, 0xB2, 0x06, 0xA1, 0x0E, 0xF3, 0x04, 0x06, 0x07, 0x79, 0x0A, 0xA7, 0x05, 0x1A, 0x0A, // m.........y..... 0FC0
0x49, 0x09, 0xBB, 0x04, 0xC7, 0x4C, 0x49, 0x54, 0x45, 0x52, 0x41, 0x4C, 0xB6, 0x0F, 0xB2, 0x06, // I....LITERAL.... 0FD0
0x3F, 0x08, 0x54, 0x06, 0x50, 0x01, 0x04, 0x10, 0xC8, 0x05, 0x2F, 0x12, 0x1C, 0x01, 0x80, 0x00, // ?.T.P...../..... 0FE0
0x7A, 0x09, 0x50, 0x01, 0xFE, 0x0F, 0x6D, 0x0B, 0x12, 0x01, 0x5A, 0x09, 0xBB, 0x04, 0x6D, 0x0B, // z.P...m...Z...m. 0FF0
0x1C, 0x01, 0x49, 0x09, 0xBB, 0x04, 0xC8, 0x44, 0x4C, 0x49, 0x54, 0x45, 0x52, 0x41, 0x4C, 0xD4, // ..I....DLITERAL. 1000
0x0F, 0xB2, 0x06, 0x3F, 0x08, 0x54, 0x06, 0x50, 0x01, 0x23, 0x10, 0x6D, 0x0B, 0x27, 0x01, 0x49, // ...?.T.P.#.m.'.I 1010
0x09, 0x49, 0x09, 0xBB, 0x04, 0xC5, 0x41, 0x53, 0x43, 0x49, 0x49, 0x06, 0x10, 0xB2, 0x06, 0x4A, // .I....ASCII....J 1020
0x07, 0xA9, 0x0D, 0x2D, 0x09, 0xEC, 0x08, 0x5D, 0x06, 0x3F, 0x08, 0x54, 0x06, 0x50, 0x01, 0x47, // ...-...].?.T.P.G 1030
0x10, 0x6D, 0x0B, 0x1C, 0x01, 0x49, 0x09, 0xBB, 0x04, 0x86, 0x3F, 0x53, 0x54, 0x41, 0x43, 0x4B, // .m...I....?STACK 1040
0x25, 0x10, 0xB2, 0x06, 0x80, 0x04, 0x9E, 0x07, 0x54, 0x06, 0xBE, 0x05, 0x83, 0x09, 0x0E, 0x07, // %.......T....... 1050
0x79, 0x0A, 0x80, 0x04, 0x2D, 0x09, 0x1C, 0x01, 0x80, 0x00, 0x47, 0x05, 0x83, 0x09, 0x1C, 0x01, // y...-.....G..... 1060
0x07, 0x00, 0x79, 0x0A, 0xBB, 0x04, 0x89, 0x49, 0x4E, 0x54, 0x45, 0x52, 0x50, 0x52, 0x45, 0x54, // ..y....INTERPRET 1070
0x49, 0x10, 0xB2, 0x06, 0xA1, 0x0E, 0x50, 0x01, 0xA6, 0x10, 0x3F, 0x08, 0x54, 0x06, 0x7A, 0x09, // I.....P...?.T.z. 1080
0x50, 0x01, 0x9C, 0x10, 0x1A, 0x0A, 0x49, 0x09, 0x42, 0x01, 0xA0, 0x10, 0x1A, 0x0A, 0x35, 0x01, // P.....I.B.....5. 1090
0x52, 0x10, 0x42, 0x01, 0xC0, 0x10, 0x2D, 0x09, 0x45, 0x0E, 0x52, 0x08, 0x54, 0x06, 0xEC, 0x08, // R.B...-.E.R.T... 10A0
0x50, 0x01, 0xBA, 0x10, 0x11, 0x10, 0x42, 0x01, 0xBE, 0x10, 0xA7, 0x05, 0xDE, 0x0F, 0x52, 0x10, // P.....B.......R. 10B0
0x42, 0x01, 0x84, 0x10, 0x89, 0x49, 0x4D, 0x4D, 0x45, 0x44, 0x49, 0x41, 0x54, 0x45, 0x76, 0x10, // B....IMMEDIATEv. 10C0
0xB2, 0x06, 0xFA, 0x09, 0x1C, 0x01, 0x40, 0x00, 0x4C, 0x06, 0xBB, 0x04, 0x8A, 0x56, 0x4F, 0x43, // ......@.L....VOC 10D0
0x41, 0x42, 0x55, 0x4C, 0x41, 0x52, 0x59, 0xC4, 0x10, 0xB2, 0x06, 0x2F, 0x0C, 0x1C, 0x01, 0xA0, // ABULARY..../.... 10E0
0x81, 0x49, 0x09, 0x34, 0x08, 0x54, 0x06, 0x1A, 0x0A, 0x49, 0x09, 0x2D, 0x09, 0xEA, 0x07, 0x54, // .I.4.T...I.-...T 10F0
0x06, 0x49, 0x09, 0xEA, 0x07, 0x78, 0x06, 0x3F, 0x0C, 0xF5, 0x08, 0x27, 0x08, 0x78, 0x06, 0xBB, // .I...x.?...'.x.. 1100
0x04, 0xC5, 0x46, 0x4F, 0x52, 0x54, 0x48, 0xDC, 0x10, 0x4B, 0x0C, 0x09, 0x11, 0x81, 0x20, 0x17, // ..FORTH..K.... . 1110
0x20, 0x00, 0x00, 0x8B, 0x44, 0x45, 0x46, 0x49, 0x4E, 0x49, 0x54, 0x49, 0x4F, 0x4E, 0x53, 0x00, //  ...DEFINITIONS. 1120
0x80, 0xB2, 0x06, 0x27, 0x08, 0x54, 0x06, 0x34, 0x08, 0x78, 0x06, 0xBB, 0x04, 0xC1, 0x28, 0x23, // ...'.T.4.x....(# 1130
0x11, 0xB2, 0x06, 0x1C, 0x01, 0x29, 0x00, 0xA9, 0x0D, 0xBB, 0x04, 0xC1, 0x5C, 0x3D, 0x11, 0xB2, // .....)......\=.. 1140
0x06, 0xFC, 0x07, 0x54, 0x06, 0x1C, 0x01, 0x40, 0x00, 0xD9, 0x12, 0xEC, 0x08, 0x1C, 0x01, 0x40, // ...T...@.......@ 1150
0x00, 0xBA, 0x12, 0xFC, 0x07, 0x78, 0x06, 0xBB, 0x04, 0x84, 0x51, 0x55, 0x49, 0x54, 0x4B, 0x11, // .....x....QUITK. 1160
0xB2, 0x06, 0x06, 0x07, 0xF4, 0x07, 0x78, 0x06, 0x83, 0x0B, 0xB4, 0x04, 0x06, 0x04, 0xFD, 0x0C, // ......x......... 1170
0x82, 0x10, 0x3F, 0x08, 0x54, 0x06, 0xF3, 0x04, 0x50, 0x01, 0x93, 0x11, 0xA5, 0x0C, 0x02, 0x6F, // ..?.T...P......o 1180
0x6B, 0xE0, 0x03, 0x42, 0x01, 0x7A, 0x11, 0x85, 0x41, 0x42, 0x4F, 0x52, 0x54, 0x69, 0x11, 0xB2, // k..B.z..ABORTi.. 1190
0x06, 0x8A, 0x04, 0xCE, 0x0B, 0x52, 0x10, 0xE0, 0x03, 0x0F, 0x66, 0x69, 0x67, 0x64, 0x75, 0x69, // .....R....figdui 11A0
0x6E, 0x6F, 0x2D, 0x46, 0x4F, 0x52, 0x54, 0x48, 0x20, 0x31, 0x2E, 0x31, 0x61, 0x70, 0x11, 0xC8, // no-FORTH 1.1ap.. 11B0
0x11, 0x84, 0x57, 0x41, 0x52, 0x4D, 0x97, 0x11, 0xB2, 0x06, 0x9F, 0x11, 0xD5, 0x11, 0x84, 0x43, // ..WARM.........C 11C0
0x4F, 0x4C, 0x44, 0xC1, 0x11, 0xB2, 0x06, 0x1C, 0x01, 0x14, 0x00, 0x1C, 0x01, 0x24, 0x00, 0x54, // OLD..........$.T 11D0
0x06, 0x1C, 0x01, 0x06, 0x00, 0x47, 0x05, 0x1C, 0x01, 0x10, 0x00, 0x2C, 0x04, 0x1C, 0x01, 0x0E, // .....G.....,.... 11E0
0x00, 0x54, 0x06, 0x1C, 0x01, 0x1F, 0x11, 0x78, 0x06, 0x9F, 0x11, 0x84, 0x53, 0x2D, 0x3E, 0x44, // .T.....x....S->D 11F0
0xCE, 0x11, 0x04, 0x12, 0x00, 0x00, 0x82, 0x2B, 0x2D, 0xFB, 0x11, 0xB2, 0x06, 0x0A, 0x05, 0x50, // .......+-......P 1200
0x01, 0x15, 0x12, 0x69, 0x05, 0xBB, 0x04, 0x83, 0x44, 0x2B, 0x2D, 0x06, 0x12, 0xB2, 0x06, 0x0A, // ...i....D+-..... 1210
0x05, 0x50, 0x01, 0x27, 0x12, 0x83, 0x05, 0xBB, 0x04, 0x83, 0x41, 0x42, 0x53, 0x17, 0x12, 0xB2, // .P.'......ABS... 1220
0x06, 0xC8, 0x05, 0x0B, 0x12, 0xBB, 0x04, 0x84, 0x44, 0x41, 0x42, 0x53, 0x29, 0x12, 0xB2, 0x06, // ........DABS)... 1230
0xC8, 0x05, 0x1D, 0x12, 0xBB, 0x04, 0x83, 0x4D, 0x49, 0x4E, 0x37, 0x12, 0xB2, 0x06, 0x16, 0x06, // .......MIN7..... 1240
0x99, 0x09, 0x50, 0x01, 0x58, 0x12, 0xBE, 0x05, 0xA7, 0x05, 0xBB, 0x04, 0x83, 0x4D, 0x41, 0x58, // ..P.X........MAX 1250
0x46, 0x12, 0xB2, 0x06, 0x16, 0x06, 0x7A, 0x09, 0x50, 0x01, 0x6E, 0x12, 0xBE, 0x05, 0xA7, 0x05, // F.....z.P.n..... 1260
0xBB, 0x04, 0x82, 0x4D, 0x2A, 0x5C, 0x12, 0xB2, 0x06, 0x9C, 0x05, 0x9C, 0x05, 0x68, 0x04, 0x8A, // ...M*\.......h.. 1270
0x01, 0x2F, 0x12, 0xBE, 0x05, 0x2F, 0x12, 0x42, 0x04, 0x93, 0x01, 0x1D, 0x12, 0xBB, 0x04, 0x82, // ./.../.B........ 1280
0x4D, 0x2F, 0x72, 0x12, 0xB2, 0x06, 0x9C, 0x05, 0x8A, 0x01, 0x8A, 0x01, 0x3E, 0x12, 0x9C, 0x01, // M/r.........>... 1290
0x2F, 0x12, 0x4B, 0x04, 0x93, 0x01, 0x9C, 0x01, 0x68, 0x04, 0x0B, 0x12, 0xBE, 0x05, 0x93, 0x01, // /.K.....h....... 12A0
0x0B, 0x12, 0xBE, 0x05, 0xBB, 0x04, 0x81, 0x2A, 0x8F, 0x12, 0xB2, 0x06, 0x77, 0x12, 0xA7, 0x05, // .......*....w... 12B0
0xBB, 0x04, 0x84, 0x2F, 0x4D, 0x4F, 0x44, 0xB6, 0x12, 0xB2, 0x06, 0x8A, 0x01, 0x02, 0x12, 0x93, // .../MOD......... 12C0
0x01, 0x94, 0x12, 0xBB, 0x04, 0x81, 0x2F, 0xC2, 0x12, 0xB2, 0x06, 0xC9, 0x12, 0xE1, 0x05, 0xBB, // ....../......... 12D0
0x04, 0x83, 0x4D, 0x4F, 0x44, 0xD5, 0x12, 0xB2, 0x06, 0xC9, 0x12, 0xA7, 0x05, 0xBB, 0x04, 0x85, // ..MOD........... 12E0
0x2A, 0x2F, 0x4D, 0x4F, 0x44, 0xE1, 0x12, 0xB2, 0x06, 0x8A, 0x01, 0x77, 0x12, 0x93, 0x01, 0x94, // */MOD......w.... 12F0
0x12, 0xBB, 0x04, 0x82, 0x2A, 0x2F, 0xEF, 0x12, 0xB2, 0x06, 0xF7, 0x12, 0xE1, 0x05, 0xBB, 0x04, // ....*/.......... 1300
0x85, 0x4D, 0x2F, 0x4D, 0x4F, 0x44, 0x03, 0x13, 0xB2, 0x06, 0x8A, 0x01, 0x06, 0x07, 0x9C, 0x01, // .M/MOD.......... 1310
0x4B, 0x04, 0x93, 0x01, 0xBE, 0x05, 0x8A, 0x01, 0x4B, 0x04, 0x93, 0x01, 0xBB, 0x04, 0x85, 0x42, // K.......K......B 1320
0x4C, 0x4F, 0x43, 0x4B, 0x10, 0x13, 0xB2, 0x06, 0xC8, 0x05, 0x8C, 0x08, 0x54, 0x06, 0x72, 0x09, // LOCK........T.r. 1330
0x72, 0x04, 0xA4, 0x08, 0x5D, 0x06, 0xE4, 0x08, 0x5D, 0x06, 0x72, 0x09, 0x72, 0x04, 0x5E, 0x04, // r...]...].r.r.^. 1340
0x50, 0x01, 0x9A, 0x13, 0xC8, 0x05, 0x8C, 0x08, 0x78, 0x06, 0xA4, 0x08, 0x5D, 0x06, 0xE4, 0x08, // P.......x...]... 1350
0x81, 0x06, 0xF5, 0x1F, 0x04, 0x1D, 0x63, 0x1D, 0xB6, 0x1D, 0x06, 0x07, 0xAE, 0x08, 0x78, 0x06, // ......c.......x. 1360
0x5F, 0x07, 0xC8, 0x05, 0x1C, 0x01, 0x00, 0x04, 0x47, 0x05, 0xBE, 0x05, 0x76, 0x01, 0xAA, 0x1D, // _.......G...v... 1370
0xC8, 0x05, 0xAE, 0x08, 0x3F, 0x06, 0xA4, 0x01, 0x81, 0x06, 0x5D, 0x01, 0x7E, 0x13, 0x89, 0x1D, // ....?.....].~... 1380
0x06, 0x07, 0x98, 0x08, 0x81, 0x06, 0x5F, 0x07, 0xBB, 0x04, 0xA7, 0x05, 0x5F, 0x07, 0xBB, 0x04, // ......_....._... 1390
0x85, 0x46, 0x4C, 0x55, 0x53, 0x48, 0x2E, 0x13, 0x98, 0x08, 0x5D, 0x06, 0x50, 0x01, 0xDC, 0x13, // .FLUSH....].P... 13A0
0x10, 0x1D, 0x63, 0x1D, 0x8C, 0x08, 0x54, 0x06, 0xF5, 0x1F, 0xB6, 0x1D, 0x5F, 0x07, 0xC8, 0x05, // ..c...T....._... 13B0
0x1C, 0x01, 0x00, 0x04, 0x47, 0x05, 0xBE, 0x05, 0x76, 0x01, 0xA4, 0x01, 0x5D, 0x06, 0x9F, 0x1D, // ....G...v...]... 13C0
0x5D, 0x01, 0xCA, 0x13, 0x89, 0x1D, 0x06, 0x07, 0x98, 0x08, 0x81, 0x06, 0xBB, 0x04, 0x86, 0x28, // ]..............( 13D0
0x4C, 0x49, 0x4E, 0x45, 0x29, 0xA0, 0x13, 0xB2, 0x06, 0xD0, 0x04, 0x1C, 0x01, 0x40, 0x00, 0x77, // LINE)........@.w 13E0
0x07, 0xF7, 0x12, 0xD9, 0x04, 0x82, 0x07, 0xBA, 0x12, 0x47, 0x05, 0x36, 0x13, 0x47, 0x05, 0x1C, // .........G.6.G.. 13F0
0x01, 0x40, 0x00, 0xBB, 0x04, 0x85, 0x2E, 0x4C, 0x49, 0x4E, 0x45, 0xDE, 0x13, 0xB2, 0x06, 0xE7, // .@.....LINE..... 1400
0x13, 0x78, 0x0C, 0x68, 0x0C, 0xBB, 0x04, 0x89, 0x28, 0x4D, 0x45, 0x53, 0x53, 0x41, 0x47, 0x45, // .x.h....(MESSAGE 1410
0x29, 0x05, 0x14, 0x25, 0x14, 0x00, 0x00, 0x87, 0x4D, 0x45, 0x53, 0x53, 0x41, 0x47, 0x45, 0x17, // )..%....MESSAGE. 1420
0x14, 0xB2, 0x06, 0xC9, 0x07, 0x54, 0x06, 0x50, 0x01, 0x57, 0x14, 0xBE, 0x09, 0x50, 0x01, 0x53, // .....T.P.W...P.S 1430
0x14, 0x1C, 0x01, 0x04, 0x00, 0x1A, 0x08, 0x54, 0x06, 0x82, 0x07, 0xD9, 0x12, 0x6A, 0x09, 0x0D, // .......T.....j.. 1440
0x14, 0xAF, 0x09, 0x42, 0x01, 0x5B, 0x14, 0x23, 0x14, 0x06, 0x04, 0xBB, 0x04, 0x82, 0x50, 0x40, // ...B.[.#......P@ 1450
0x27, 0x14, 0x64, 0x14, 0x00, 0x00, 0x82, 0x50, 0x21, 0x5D, 0x14, 0x6D, 0x14, 0x00, 0x00, 0x84, // '.d....P!].m.... 1460
0x50, 0x49, 0x4E, 0x40, 0x66, 0x14, 0x78, 0x14, 0x00, 0x00, 0x84, 0x50, 0x49, 0x4E, 0x21, 0x6F, // PIN@f.x....PIN!o 1470
0x14, 0x83, 0x14, 0x00, 0x00, 0x83, 0x3C, 0x50, 0x3E, 0x7A, 0x14, 0x8D, 0x14, 0x00, 0x00, 0x82, // ......<P>z...... 1480
0x41, 0x40, 0x85, 0x14, 0x96, 0x14, 0x00, 0x00, 0x82, 0x41, 0x21, 0x8F, 0x14, 0x9F, 0x14, 0x00, // A@.......A!..... 1490
0x00, 0x86, 0x4F, 0x55, 0x54, 0x50, 0x55, 0x54, 0x98, 0x14, 0xB2, 0x06, 0x1C, 0x01, 0xFF, 0xFF, // ..OUTPUT........ 14A0
0xBB, 0x04, 0x85, 0x49, 0x4E, 0x50, 0x55, 0x54, 0xA1, 0x14, 0xB2, 0x06, 0x1C, 0x01, 0x00, 0x00, // ...INPUT........ 14B0
0xBB, 0x04, 0x84, 0x48, 0x49, 0x47, 0x48, 0xB2, 0x14, 0xB2, 0x06, 0x17, 0x07, 0xBB, 0x04, 0x83, // ...HIGH......... 14C0
0x4C, 0x4F, 0x57, 0xC2, 0x14, 0xB2, 0x06, 0x06, 0x07, 0xBB, 0x04, 0x86, 0x4D, 0x49, 0x4C, 0x4C, // LOW.........MILL 14D0
0x49, 0x53, 0xCF, 0x14, 0xE6, 0x14, 0x00, 0x00, 0xC1, 0x27, 0xDB, 0x14, 0xB2, 0x06, 0xA1, 0x0E, // IS.......'...... 14E0
0xF3, 0x04, 0x06, 0x07, 0x79, 0x0A, 0xA7, 0x05, 0xDE, 0x0F, 0xBB, 0x04, 0x85, 0x44, 0x45, 0x46, // ....y........DEF 14F0
0x45, 0x52, 0xE8, 0x14, 0xB2, 0x06, 0x2F, 0x0C, 0x49, 0x09, 0x3F, 0x0C, 0x54, 0x06, 0x35, 0x01, // ER..../.I.?.T.5. 1500
0xBB, 0x04, 0x82, 0x49, 0x53, 0xFC, 0x14, 0xB2, 0x06, 0xF5, 0x08, 0xEC, 0x14, 0x1A, 0x0A, 0xBE, // ...IS........... 1510
0x05, 0x78, 0x06, 0xBB, 0x04, 0x86, 0x46, 0x4F, 0x52, 0x47, 0x45, 0x54, 0x12, 0x15, 0xB2, 0x06, // .x....FORGET.... 1520
0x34, 0x08, 0x54, 0x06, 0x27, 0x08, 0x54, 0x06, 0x6A, 0x09, 0x1C, 0x01, 0x18, 0x00, 0x79, 0x0A, // 4.T.'.T.j.....y. 1530
0xEC, 0x14, 0xC8, 0x05, 0xD4, 0x07, 0x54, 0x06, 0x83, 0x09, 0x1C, 0x01, 0x15, 0x00, 0x79, 0x0A, // ......T.......y. 1540
0xC8, 0x05, 0x24, 0x0A, 0xDC, 0x07, 0x78, 0x06, 0x0A, 0x0A, 0x54, 0x06, 0x27, 0x08, 0x54, 0x06, // ..$...x...T.'.T. 1550
0x78, 0x06, 0xBB, 0x04, 0x84, 0x42, 0x41, 0x43, 0x4B, 0x25, 0x15, 0xB2, 0x06, 0x49, 0x09, 0xBB, // x....BACK%...I.. 1560
0x04, 0xC5, 0x42, 0x45, 0x47, 0x49, 0x4E, 0x64, 0x15, 0xB2, 0x06, 0x93, 0x0A, 0x2D, 0x09, 0x0E, // ..BEGINd.....-.. 1570
0x07, 0xBB, 0x04, 0xC5, 0x45, 0x4E, 0x44, 0x49, 0x46, 0x71, 0x15, 0xB2, 0x06, 0x93, 0x0A, 0x1F, // ....ENDIFq...... 1580
0x07, 0xC2, 0x0A, 0x2D, 0x09, 0xBE, 0x05, 0x78, 0x06, 0xBB, 0x04, 0xC4, 0x54, 0x48, 0x45, 0x4E, // ...-...x....THEN 1590
0x83, 0x15, 0xB2, 0x06, 0x8B, 0x15, 0xBB, 0x04, 0xC2, 0x44, 0x4F, 0x9B, 0x15, 0xB2, 0x06, 0x6D, // .........DO....m 15A0
0x0B, 0x76, 0x01, 0x2D, 0x09, 0x30, 0x07, 0xBB, 0x04, 0xC4, 0x4C, 0x4F, 0x4F, 0x50, 0xA8, 0x15, // .v.-.0....LOOP.. 15B0
0xB2, 0x06, 0x30, 0x07, 0xC2, 0x0A, 0x6D, 0x0B, 0x5D, 0x01, 0x6B, 0x15, 0xBB, 0x04, 0xC5, 0x2B, // ..0...m.].k....+ 15C0
0x4C, 0x4F, 0x4F, 0x50, 0xB9, 0x15, 0xB2, 0x06, 0x30, 0x07, 0xC2, 0x0A, 0x6D, 0x0B, 0x6B, 0x01, // LOOP....0...m.k. 15D0
0x6B, 0x15, 0xBB, 0x04, 0xC5, 0x55, 0x4E, 0x54, 0x49, 0x4C, 0xCE, 0x15, 0xB2, 0x06, 0x0E, 0x07, // k....UNTIL...... 15E0
0xC2, 0x0A, 0x6D, 0x0B, 0x50, 0x01, 0x6B, 0x15, 0xBB, 0x04, 0xC3, 0x45, 0x4E, 0x44, 0xE4, 0x15, // ..m.P.k....END.. 15F0
0xB2, 0x06, 0xEC, 0x15, 0xBB, 0x04, 0xC5, 0x41, 0x47, 0x41, 0x49, 0x4E, 0xFA, 0x15, 0xB2, 0x06, // .......AGAIN.... 1600
0x0E, 0x07, 0xC2, 0x0A, 0x6D, 0x0B, 0x42, 0x01, 0x6B, 0x15, 0xBB, 0x04, 0xC6, 0x52, 0x45, 0x50, // ....m.B.k....REP 1610
0x45, 0x41, 0x54, 0x06, 0x16, 0xB2, 0x06, 0xD0, 0x04, 0xD0, 0x04, 0x0E, 0x16, 0xD9, 0x04, 0xD9, // EAT............. 1620
0x04, 0x07, 0x09, 0x8B, 0x15, 0xBB, 0x04, 0xC2, 0x49, 0x46, 0x1C, 0x16, 0xB2, 0x06, 0x6D, 0x0B, // ........IF....m. 1630
0x50, 0x01, 0x2D, 0x09, 0x06, 0x07, 0x49, 0x09, 0x1F, 0x07, 0xBB, 0x04, 0xC4, 0x45, 0x4C, 0x53, // P.-...I......ELS 1640
0x45, 0x37, 0x16, 0xB2, 0x06, 0x1F, 0x07, 0xC2, 0x0A, 0x6D, 0x0B, 0x42, 0x01, 0x2D, 0x09, 0x06, // E7.......m.B.-.. 1650
0x07, 0x49, 0x09, 0xBE, 0x05, 0x1F, 0x07, 0x8B, 0x15, 0x1F, 0x07, 0xBB, 0x04, 0xC5, 0x57, 0x48, // .I............WH 1660
0x49, 0x4C, 0x45, 0x4C, 0x16, 0xB2, 0x06, 0x3C, 0x16, 0xF5, 0x08, 0xBB, 0x04, 0xC4, 0x43, 0x41, // ILEL...<......CA 1670
0x53, 0x45, 0x6D, 0x16, 0xB2, 0x06, 0x93, 0x0A, 0x64, 0x08, 0x54, 0x06, 0x66, 0x0A, 0x1C, 0x01, // SEm.....d.T.f... 1680
0x04, 0x00, 0xBB, 0x04, 0xC2, 0x4F, 0x46, 0x7D, 0x16, 0xB2, 0x06, 0x1C, 0x01, 0x04, 0x00, 0xC2, // .....OF}........ 1690
0x0A, 0x6D, 0x0B, 0x81, 0x01, 0x2D, 0x09, 0x06, 0x07, 0x49, 0x09, 0x1C, 0x01, 0x05, 0x00, 0xBB, // .m...-...I...... 16A0
0x04, 0xC5, 0x45, 0x4E, 0x44, 0x4F, 0x46, 0x94, 0x16, 0xB2, 0x06, 0x1C, 0x01, 0x05, 0x00, 0xC2, // ..ENDOF......... 16B0
0x0A, 0x6D, 0x0B, 0x42, 0x01, 0x2D, 0x09, 0x06, 0x07, 0x49, 0x09, 0xBE, 0x05, 0x1F, 0x07, 0x8B, // .m.B.-...I...... 16C0
0x15, 0x1C, 0x01, 0x04, 0x00, 0xBB, 0x04, 0xC7, 0x45, 0x4E, 0x44, 0x43, 0x41, 0x53, 0x45, 0xB1, // ........ENDCASE. 16D0
0x16, 0xB2, 0x06, 0x1C, 0x01, 0x04, 0x00, 0xC2, 0x0A, 0x6D, 0x0B, 0xA7, 0x05, 0x80, 0x04, 0x64, // .........m.....d 16E0
0x08, 0x54, 0x06, 0x72, 0x09, 0xF3, 0x04, 0x50, 0x01, 0x03, 0x17, 0x1F, 0x07, 0x8B, 0x15, 0x42, // .T.r...P.......B 16F0
0x01, 0xED, 0x16, 0x64, 0x08, 0x78, 0x06, 0xBB, 0x04, 0x86, 0x53, 0x50, 0x41, 0x43, 0x45, 0x53, // ...d.x....SPACES 1700
0xD7, 0x16, 0x14, 0x17, 0x00, 0x00, 0x82, 0x3C, 0x23, 0x09, 0x17, 0xB2, 0x06, 0x96, 0x0D, 0x75, // .......<#......u 1710
0x08, 0x78, 0x06, 0xBB, 0x04, 0x82, 0x23, 0x3E, 0x16, 0x17, 0xB2, 0x06, 0xA7, 0x05, 0xA7, 0x05, // .x....#>........ 1720
0x75, 0x08, 0x54, 0x06, 0x96, 0x0D, 0x9C, 0x05, 0x6A, 0x09, 0xBB, 0x04, 0x84, 0x53, 0x49, 0x47, // u.T.....j....SIG 1730
0x4E, 0x25, 0x17, 0xB2, 0x06, 0xA3, 0x09, 0x0A, 0x05, 0x50, 0x01, 0x53, 0x17, 0x1C, 0x01, 0x2D, // N%.......P.S...- 1740
0x00, 0x80, 0x0D, 0xBB, 0x04, 0x81, 0x23, 0x3C, 0x17, 0xB2, 0x06, 0x49, 0x08, 0x54, 0x06, 0x18, // ......#<...I.T.. 1750
0x13, 0xA3, 0x09, 0x1C, 0x01, 0x09, 0x00, 0x9C, 0x05, 0x7A, 0x09, 0x50, 0x01, 0x75, 0x17, 0x1C, // .........z.P.u.. 1760
0x01, 0x07, 0x00, 0x47, 0x05, 0x1C, 0x01, 0x30, 0x00, 0x47, 0x05, 0x80, 0x0D, 0xBB, 0x04, 0x82, // ...G...0.G...... 1770
0x23, 0x53, 0x55, 0x17, 0xB2, 0x06, 0x59, 0x17, 0x16, 0x06, 0x5E, 0x04, 0xF3, 0x04, 0x50, 0x01, // #SU...Y...^...P. 1780
0x86, 0x17, 0xBB, 0x04, 0x83, 0x44, 0x2E, 0x52, 0x7F, 0x17, 0xB2, 0x06, 0x8A, 0x01, 0xBE, 0x05, // .....D.R........ 1790
0x9C, 0x05, 0x3E, 0x12, 0x1B, 0x17, 0x84, 0x17, 0x43, 0x17, 0x2A, 0x17, 0x93, 0x01, 0x9C, 0x05, // ..>.....C.*..... 17A0
0x6A, 0x09, 0x12, 0x17, 0x68, 0x0C, 0xBB, 0x04, 0x82, 0x2E, 0x52, 0x94, 0x17, 0xB2, 0x06, 0xD0, // j...h.....R..... 17B0
0x04, 0x02, 0x12, 0xD9, 0x04, 0x9A, 0x17, 0xBB, 0x04, 0x82, 0x44, 0x2E, 0xB8, 0x17, 0xB2, 0x06, // ..........D..... 17C0
0x06, 0x07, 0x9A, 0x17, 0xAF, 0x09, 0xBB, 0x04, 0x81, 0x2E, 0xC9, 0x17, 0xB2, 0x06, 0x02, 0x12, // ................ 17D0
0xCE, 0x17, 0xBB, 0x04, 0x81, 0x3F, 0xD8, 0x17, 0xB2, 0x06, 0x54, 0x06, 0xDC, 0x17, 0xBB, 0x04, // .....?....T..... 17E0
0x82, 0x55, 0x2E, 0xE4, 0x17, 0xB2, 0x06, 0x06, 0x07, 0xCE, 0x17, 0xBB, 0x04, 0x85, 0x56, 0x4C, // .U............VL 17F0
0x49, 0x53, 0x54, 0xF0, 0x17, 0xB2, 0x06, 0x1C, 0x01, 0x80, 0x00, 0x05, 0x08, 0x78, 0x06, 0x27, // IST..........x.' 1800
0x08, 0x54, 0x06, 0x54, 0x06, 0x05, 0x08, 0x54, 0x06, 0x54, 0x07, 0x99, 0x09, 0x50, 0x01, 0x29, // .T.T...T.T...P.) 1810
0x18, 0x06, 0x04, 0x06, 0x07, 0x05, 0x08, 0x78, 0x06, 0xC8, 0x05, 0x7C, 0x19, 0xAF, 0x09, 0xC8, // .......x...|.... 1820
0x05, 0x10, 0x0F, 0x1C, 0x01, 0x14, 0x00, 0x05, 0x08, 0x54, 0x06, 0x9C, 0x05, 0xE7, 0x12, 0x6A, // .........T.....j 1830
0x09, 0x12, 0x17, 0x38, 0x0A, 0x0A, 0x0A, 0x54, 0x06, 0xC8, 0x05, 0xF3, 0x04, 0x50, 0x01, 0x15, // ...8...T.....P.. 1840
0x18, 0xA7, 0x05, 0xBB, 0x04, 0x84, 0x4C, 0x49, 0x53, 0x54, 0xFD, 0x17, 0xB2, 0x06, 0x49, 0x08, // ......LIST....I. 1850
0x54, 0x06, 0xCE, 0x0B, 0x06, 0x04, 0xC8, 0x05, 0x0E, 0x08, 0x78, 0x06, 0xA5, 0x0C, 0x06, 0x53, // T.........x....S 1860
0x43, 0x52, 0x20, 0x23, 0x20, 0xDC, 0x17, 0x1C, 0x01, 0x10, 0x00, 0x06, 0x07, 0x76, 0x01, 0x06, // CR # ........v.. 1870
0x04, 0xA4, 0x01, 0x30, 0x07, 0xBD, 0x17, 0xAF, 0x09, 0xA4, 0x01, 0x0E, 0x08, 0x54, 0x06, 0x0D, // ...0.........T.. 1880
0x14, 0x5D, 0x01, 0x7F, 0x18, 0x06, 0x04, 0x49, 0x08, 0x78, 0x06, 0xBB, 0x04, 0x83, 0x55, 0x53, // .].....I.x....US 1890
0x45, 0x55, 0x18, 0xB2, 0x06, 0xBB, 0x04, 0x84, 0x50, 0x52, 0x45, 0x56, 0x9D, 0x18, 0xB2, 0x06, // EU......PREV.... 18A0
0xBB, 0x04, 0x00, 0x49, 0x4E, 0x44, 0x45, 0x58, 0xA7, 0x18, 0xB2, 0x06, 0x1C, 0x01, 0x0C, 0x00, // ...INDEX........ 18B0
0x7D, 0x03, 0x06, 0x04, 0xEC, 0x08, 0xBE, 0x05, 0x76, 0x01, 0x06, 0x04, 0xA4, 0x01, 0x30, 0x07, // }.......v.....0. 18C0
0xBD, 0x17, 0xAF, 0x09, 0x06, 0x07, 0xA4, 0x01, 0x0D, 0x14, 0x5D, 0x01, 0xCA, 0x18, 0xBB, 0x04, // ..........]..... 18D0
0x85, 0x54, 0x52, 0x49, 0x41, 0x44, 0xB2, 0x18, 0xB2, 0x06, 0x1C, 0x01, 0x0C, 0x00, 0x7D, 0x03, // .TRIAD........}. 18E0
0x30, 0x07, 0xD9, 0x12, 0x30, 0x07, 0xBA, 0x12, 0x30, 0x07, 0x9C, 0x05, 0x47, 0x05, 0xBE, 0x05, // 0...0...0...G... 18F0
0x76, 0x01, 0x06, 0x04, 0xA4, 0x01, 0x5C, 0x18, 0x5D, 0x01, 0x02, 0x19, 0xE0, 0x03, 0x1C, 0x01, // v.....\.]....... 1900
0x0F, 0x00, 0x31, 0x14, 0xE0, 0x03, 0xBB, 0x04, 0x84, 0x2E, 0x43, 0x50, 0x55, 0xE0, 0x18, 0xB2, // ..1.......CPU... 1910
0x06, 0x49, 0x08, 0x54, 0x06, 0x1C, 0x01, 0x24, 0x00, 0x49, 0x08, 0x78, 0x06, 0x1C, 0x01, 0x22, // .I.T...$.I.x..." 1920
0x00, 0x8F, 0x07, 0x66, 0x06, 0xCE, 0x17, 0x49, 0x08, 0x78, 0x06, 0xBB, 0x04, 0x82, 0x2E, 0x53, // ...f...I.x.....S 1930
0x18, 0x19, 0x44, 0x19, 0x00, 0x00, 0x83, 0x2E, 0x53, 0x4C, 0x3D, 0x19, 0x4E, 0x19, 0x00, 0x00, // ..D.....SL=.N... 1940
0x84, 0x44, 0x55, 0x4D, 0x50, 0x46, 0x19, 0x59, 0x19, 0x00, 0x00, 0x85, 0x3F, 0x42, 0x41, 0x53, // .DUMPF.Y....?BAS 1950
0x45, 0x50, 0x19, 0xB2, 0x06, 0x49, 0x08, 0x54, 0x06, 0xC8, 0x05, 0xCE, 0x0B, 0xDC, 0x17, 0x49, // EP...I.T.......I 1960
0x08, 0x78, 0x06, 0xBB, 0x04, 0x84, 0x48, 0x45, 0x58, 0x2E, 0x5B, 0x19, 0x7E, 0x19, 0x00, 0x00, // .x....HEX.[.~... 1970
0x83, 0x48, 0x45, 0x4E, 0x75, 0x19, 0xB2, 0x06, 0x06, 0x07, 0x1C, 0x01, 0x04, 0x00, 0x06, 0x07, // .HENu........... 1980
0x76, 0x01, 0x1C, 0x01, 0x10, 0x00, 0x42, 0x04, 0xA7, 0x05, 0xC7, 0x03, 0xC8, 0x05, 0x7D, 0x03, // v.....B.......}. 1990
0x1C, 0x01, 0x10, 0x00, 0xDB, 0x01, 0xA7, 0x05, 0x47, 0x05, 0x5D, 0x01, 0x92, 0x19, 0xBB, 0x04, // ........G.]..... 19A0
0x84, 0x50, 0x55, 0x50, 0x49, 0x80, 0x19, 0xB9, 0x19, 0x00, 0x00, 0x82, 0x46, 0x2E, 0xB0, 0x19, // .PUPI.......F... 19B0
0xC2, 0x19, 0x00, 0x00, 0x83, 0x44, 0x3E, 0x46, 0xBB, 0x19, 0xCC, 0x19, 0x00, 0x00, 0x82, 0x46, // .....D>F.......F 19C0
0x2F, 0xC4, 0x19, 0xD5, 0x19, 0x00, 0x00, 0x83, 0x46, 0x3E, 0x44, 0xCE, 0x19, 0xDF, 0x19, 0x00, // /.......F>D..... 19D0
0x00, 0x83, 0x53, 0x3E, 0x46, 0xD7, 0x19, 0xE9, 0x19, 0x00, 0x00, 0x83, 0x46, 0x3E, 0x53, 0xE1, // ..S>F.......F>S. 19E0
0x19, 0xF3, 0x19, 0x00, 0x00, 0x85, 0x46, 0x53, 0x57, 0x41, 0x50, 0xEB, 0x19, 0xFF, 0x19, 0x00, // ......FSWAP..... 19F0
0x00, 0x85, 0x46, 0x4F, 0x56, 0x45, 0x52, 0xF5, 0x19, 0x0B, 0x1A, 0x00, 0x00, 0x85, 0x46, 0x44, // ..FOVER.......FD 1A00
0x52, 0x4F, 0x50, 0x01, 0x1A, 0x17, 0x1A, 0x00, 0x00, 0x84, 0x46, 0x44, 0x55, 0x50, 0x0D, 0x1A, // ROP.......FDUP.. 1A10
0x22, 0x1A, 0x00, 0x00, 0x84, 0x46, 0x52, 0x4F, 0x54, 0x19, 0x1A, 0x2D, 0x1A, 0x00, 0x00, 0x82, // "....FROT..-.... 1A20
0x46, 0x2A, 0x24, 0x1A, 0x36, 0x1A, 0x00, 0x00, 0x82, 0x46, 0x2B, 0x2F, 0x1A, 0x3F, 0x1A, 0x00, // F*$.6....F+/.?.. 1A30
0x00, 0x82, 0x46, 0x2D, 0x38, 0x1A, 0x48, 0x1A, 0x00, 0x00, 0x86, 0x46, 0x4D, 0x49, 0x4E, 0x55, // ..F-8.H....FMINU 1A40
0x53, 0x41, 0x1A, 0xB2, 0x06, 0x17, 0x07, 0xE7, 0x19, 0x34, 0x1A, 0xBB, 0x04, 0x87, 0x46, 0x4E, // SA.......4....FN 1A50
0x45, 0x47, 0x41, 0x54, 0x45, 0x4A, 0x1A, 0xB2, 0x06, 0x53, 0x1A, 0xBB, 0x04, 0x84, 0x46, 0x53, // EGATEJ...S....FS 1A60
0x49, 0x4E, 0x5D, 0x1A, 0x76, 0x1A, 0x00, 0x00, 0x84, 0x46, 0x43, 0x4F, 0x53, 0x6D, 0x1A, 0x81, // IN].v....FCOSm.. 1A70
0x1A, 0x00, 0x00, 0x84, 0x46, 0x54, 0x41, 0x4E, 0x78, 0x1A, 0x8C, 0x1A, 0x00, 0x00, 0x83, 0x46, // ....FTANx......F 1A80
0x2E, 0x53, 0x83, 0x1A, 0x96, 0x1A, 0x00, 0x00, 0x84, 0x46, 0x50, 0x3E, 0x52, 0x8E, 0x1A, 0xB2, // .S.......FP>R... 1A90
0x06, 0x20, 0x1A, 0x74, 0x1A, 0xFD, 0x19, 0x7F, 0x1A, 0x2B, 0x1A, 0x20, 0x1A, 0x2B, 0x1A, 0x34, // . .t.....+. .+.4 1AA0
0x1A, 0xFD, 0x19, 0x2B, 0x1A, 0x34, 0x1A, 0xBB, 0x04, 0x84, 0x46, 0x52, 0x3E, 0x50, 0x98, 0x1A, // ...+.4....FR>P.. 1AB0
0xB2, 0x06, 0x09, 0x1A, 0x20, 0x1A, 0x34, 0x1A, 0x09, 0x1A, 0x20, 0x1A, 0x34, 0x1A, 0x3D, 0x1A, // .... .4... .4.=. 1AC0
0x13, 0x1B, 0x2B, 0x1A, 0x2B, 0x1A, 0x07, 0x1B, 0xBB, 0x04, 0x85, 0x46, 0x41, 0x53, 0x49, 0x4E, // ..+.+......FASIN 1AD0
0xB9, 0x1A, 0xE4, 0x1A, 0x00, 0x00, 0x85, 0x46, 0x41, 0x43, 0x4F, 0x53, 0xDA, 0x1A, 0xF0, 0x1A, // .......FACOS.... 1AE0
0x00, 0x00, 0x85, 0x46, 0x41, 0x54, 0x41, 0x4E, 0xE6, 0x1A, 0xFC, 0x1A, 0x00, 0x00, 0x86, 0x46, // ...FATAN.......F 1AF0
0x41, 0x54, 0x41, 0x4E, 0x32, 0xF2, 0x1A, 0x09, 0x1B, 0x00, 0x00, 0x85, 0x46, 0x53, 0x51, 0x52, // ATAN2.......FSQR 1B00
0x54, 0xFE, 0x1A, 0x15, 0x1B, 0x00, 0x00, 0x84, 0x46, 0x44, 0x3E, 0x52, 0x0B, 0x1B, 0xB2, 0x06, // T.......FD>R.... 1B10
0x1C, 0x01, 0xB4, 0x00, 0xE7, 0x19, 0xD3, 0x19, 0xB7, 0x19, 0x34, 0x1A, 0xBB, 0x04, 0x84, 0x46, // ..........4....F 1B20
0x52, 0x3E, 0x44, 0x17, 0x1B, 0xB2, 0x06, 0xB7, 0x19, 0xD3, 0x19, 0x1C, 0x01, 0xB4, 0x00, 0xE7, // R>D............. 1B30
0x19, 0x34, 0x1A, 0xBB, 0x04, 0x84, 0x46, 0x50, 0x4F, 0x57, 0x2E, 0x1B, 0x4E, 0x1B, 0x00, 0x00, // .4....FPOW..N... 1B40
0x84, 0x46, 0x45, 0x58, 0x50, 0x45, 0x1B, 0x59, 0x1B, 0x00, 0x00, 0x82, 0x46, 0x40, 0x50, 0x1B, // .FEXPE.Y....F@P. 1B50
0x62, 0x1B, 0x00, 0x00, 0x82, 0x46, 0x21, 0x5B, 0x1B, 0x6B, 0x1B, 0x00, 0x00, 0x84, 0x46, 0x31, // b....F![.k....F1 1B60
0x2F, 0x58, 0x64, 0x1B, 0xB2, 0x06, 0x0E, 0x07, 0xE7, 0x19, 0xFD, 0x19, 0xD3, 0x19, 0xBB, 0x04, // /Xd............. 1B70
0x82, 0x46, 0x2C, 0x6D, 0x1B, 0xB2, 0x06, 0x2D, 0x09, 0x69, 0x1B, 0x1C, 0x01, 0x04, 0x00, 0x3D, // .F,m...-.i.....= 1B80
0x09, 0xBB, 0x04, 0x85, 0x46, 0x43, 0x45, 0x4C, 0x4C, 0x80, 0x1B, 0xDA, 0x06, 0x04, 0x00, 0x86, // ....FCELL....... 1B90
0x46, 0x43, 0x45, 0x4C, 0x4C, 0x53, 0x93, 0x1B, 0xAA, 0x1B, 0x00, 0x00, 0x83, 0x46, 0x2B, 0x21, // FCELLS.......F+! 1BA0
0x9F, 0x1B, 0xB4, 0x1B, 0x00, 0x00, 0x82, 0x46, 0x3C, 0xAC, 0x1B, 0xBD, 0x1B, 0x00, 0x00, 0x84, // .......F<....... 1BB0
0x44, 0x3E, 0x46, 0x2E, 0xB6, 0x1B, 0xB2, 0x06, 0xCA, 0x19, 0x52, 0x08, 0x54, 0x06, 0xBE, 0x09, // D>F.......R.T... 1BC0
0x50, 0x01, 0xE3, 0x1B, 0x06, 0x07, 0x76, 0x01, 0x12, 0x01, 0x0A, 0xE7, 0x19, 0xD3, 0x19, 0x5D, // P.....v........] 1BD0
0x01, 0xD8, 0x1B, 0xBB, 0x04, 0x89, 0x43, 0x4F, 0x44, 0x45, 0x54, 0x45, 0x53, 0x54, 0x42, 0xBF, // ......CODETESTB. 1BE0
0x1B, 0xB2, 0x06, 0x1C, 0x01, 0x0A, 0x00, 0x1C, 0x01, 0xC0, 0x93, 0x1C, 0x01, 0x40, 0x00, 0x2C, // .............@., 1BF0
0x04, 0x1C, 0x01, 0x00, 0x00, 0xF4, 0x07, 0x78, 0x06, 0x1C, 0x01, 0x00, 0x00, 0xFC, 0x07, 0x78, // .......x.......x 1C00
0x06, 0x06, 0x07, 0x6C, 0x08, 0x78, 0x06, 0x17, 0x07, 0x8C, 0x08, 0x78, 0x06, 0x12, 0x01, 0x07, // ...l.x.....x.... 1C10
0xC2, 0x08, 0x81, 0x06, 0x12, 0x01, 0x05, 0xB8, 0x08, 0x81, 0x06, 0x1F, 0x07, 0x0E, 0x08, 0x78, // ...............x 1C20
0x06, 0x30, 0x07, 0xCC, 0x08, 0x81, 0x06, 0x1C, 0x01, 0x49, 0x03, 0xD6, 0x08, 0x78, 0x06, 0xEA, // .0.......I...x.. 1C30
0x07, 0x54, 0x06, 0xC8, 0x05, 0x27, 0x08, 0x78, 0x06, 0x34, 0x08, 0x78, 0x06, 0x1C, 0x01, 0x11, // .T...'.x.4.x.... 1C40
0x11, 0x1C, 0x01, 0x00, 0x80, 0x1C, 0x01, 0x23, 0x11, 0x1C, 0x01, 0x11, 0x11, 0x6A, 0x09, 0x2C, // .......#.....j., 1C50
0x04, 0x17, 0x07, 0x52, 0x08, 0x78, 0x06, 0xB8, 0x0B, 0x83, 0x0B, 0x06, 0x07, 0xA4, 0x08, 0x81, // ...R.x.......... 1C60
0x06, 0x06, 0x07, 0xE4, 0x08, 0x81, 0x06, 0x06, 0x07, 0x98, 0x08, 0x81, 0x06, 0x06, 0x07, 0xAE, // ................ 1C70
0x08, 0x78, 0x06, 0x06, 0x07, 0x8C, 0x08, 0x78, 0x06, 0x1C, 0x01, 0x2A, 0x00, 0x1C, 0x01, 0x16, // .x.....x...*.... 1C80
0x00, 0x76, 0x01, 0xAA, 0x14, 0xA4, 0x01, 0x8B, 0x14, 0xD5, 0x14, 0xA4, 0x01, 0x6B, 0x14, 0x5D, // .v...........k.] 1C90
0x01, 0x93, 0x1C, 0x06, 0x04, 0xA5, 0x0C, 0x12, 0x41, 0x72, 0x64, 0x75, 0x66, 0x69, 0x67, 0x6F, // ........Ardufigo 1CA0
0x20, 0x46, 0x49, 0x47, 0x2D, 0x46, 0x6F, 0x72, 0x74, 0x68, 0x06, 0x04, 0xA5, 0x0C, 0x09, 0x63, //  FIG-Forth.....c 1CB0
0x6F, 0x64, 0x65, 0x74, 0x65, 0x73, 0x74, 0x62, 0x06, 0x04, 0x06, 0x04, 0x8A, 0x04, 0x70, 0x11, // odetestb......p. 1CC0
0x42, 0x01, 0xCE, 0x1C, 0xBB, 0x04, 0x86, 0x46, 0x4E, 0x41, 0x4D, 0x45, 0x21, 0xE5, 0x1B, 0xE1, // B......FNAME!... 1CD0
0x1C, 0x00, 0x00, 0x86, 0x46, 0x4E, 0x41, 0x4D, 0x45, 0x2E, 0xD6, 0x1C, 0xEE, 0x1C, 0x00, 0x00, // ....FNAME....... 1CE0
0x86, 0x53, 0x44, 0x49, 0x4E, 0x49, 0x54, 0xE3, 0x1C, 0xFB, 0x1C, 0x00, 0x00, 0x84, 0x52, 0x45, // .SDINIT.......RE 1CF0
0x41, 0x44, 0xF0, 0x1C, 0xDA, 0x06, 0x00, 0x00, 0x85, 0x57, 0x52, 0x49, 0x54, 0x45, 0xFD, 0x1C, // AD.......WRITE.. 1D00
0xDA, 0x06, 0xFF, 0xFF, 0x86, 0x3E, 0x46, 0x4E, 0x41, 0x4D, 0x45, 0x08, 0x1D, 0xB2, 0x06, 0x1C, // .....>FNAME..... 1D10
0x01, 0x0C, 0x00, 0x06, 0x07, 0x76, 0x01, 0xC7, 0x03, 0xC8, 0x05, 0x7D, 0x03, 0xA4, 0x01, 0xDF, // .....v.....}.... 1D20
0x1C, 0x5D, 0x01, 0x27, 0x1D, 0x06, 0x07, 0x1C, 0x01, 0x0C, 0x00, 0xDF, 0x1C, 0xAF, 0x09, 0xBB, // .].'............ 1D30
0x04, 0x85, 0x46, 0x53, 0x49, 0x5A, 0x45, 0x14, 0x1D, 0x4B, 0x1D, 0x00, 0x00, 0x87, 0x28, 0x46, // ..FSIZE..K....(F 1D40
0x4F, 0x50, 0x45, 0x4E, 0x29, 0x41, 0x1D, 0x59, 0x1D, 0x00, 0x00, 0x85, 0x46, 0x4F, 0x50, 0x45, // OPEN)A.Y....FOPE 1D50
0x4E, 0x4D, 0x1D, 0xB2, 0x06, 0x0E, 0x07, 0x1C, 0x01, 0x2B, 0x00, 0x81, 0x14, 0x57, 0x1D, 0xBB, // NM.......+...W.. 1D60
0x04, 0x88, 0x28, 0x46, 0x43, 0x4C, 0x4F, 0x53, 0x45, 0x29, 0x5B, 0x1D, 0x7E, 0x1D, 0x00, 0x00, // ..(FCLOSE)[.~... 1D70
0x86, 0x46, 0x43, 0x4C, 0x4F, 0x53, 0x45, 0x71, 0x1D, 0xB2, 0x06, 0x06, 0x07, 0x1C, 0x01, 0x2B, // .FCLOSEq.......+ 1D80
0x00, 0x81, 0x14, 0x7C, 0x1D, 0xBB, 0x04, 0x85, 0x46, 0x45, 0x4D, 0x49, 0x54, 0x80, 0x1D, 0xA1, // ...|....FEMIT... 1D90
0x1D, 0x00, 0x00, 0x84, 0x46, 0x4B, 0x45, 0x59, 0x97, 0x1D, 0xAC, 0x1D, 0x00, 0x00, 0x85, 0x46, // ....FKEY.......F 1DA0
0x53, 0x45, 0x45, 0x4B, 0xA3, 0x1D, 0xB8, 0x1D, 0x00, 0x00, 0x84, 0x46, 0x50, 0x4F, 0x53, 0xAE, // SEEK.......FPOS. 1DB0
0x1D, 0xC3, 0x1D, 0x00, 0x00, 0x87, 0x28, 0x46, 0x4C, 0x55, 0x53, 0x48, 0x29, 0xBA, 0x1D, 0xB2, // ......(FLUSH)... 1DC0
0x06, 0x10, 0x1D, 0x63, 0x1D, 0xF5, 0x1F, 0xB6, 0x1D, 0x5F, 0x07, 0xC8, 0x05, 0x1C, 0x01, 0x00, // ...c....._...... 1DD0
0x04, 0x47, 0x05, 0xBE, 0x05, 0x76, 0x01, 0xA4, 0x01, 0x5D, 0x06, 0x9F, 0x1D, 0x5D, 0x01, 0xE7, // .G...v...]...].. 1DE0
0x1D, 0x89, 0x1D, 0xBB, 0x04, 0x84, 0x34, 0x4D, 0x4F, 0x44, 0xC5, 0x1D, 0xFE, 0x1D, 0x00, 0x00, // ......4MOD...... 1DF0
0x82, 0x34, 0x2F, 0xF5, 0x1D, 0x07, 0x1E, 0x00, 0x00, 0x85, 0x31, 0x36, 0x4D, 0x4F, 0x44, 0x00, // .4/.......16MOD. 1E00
0x1E, 0x13, 0x1E, 0x00, 0x00, 0x83, 0x31, 0x36, 0x2F, 0x09, 0x1E, 0x1D, 0x1E, 0x00, 0x00, 0x85, // ......16/....... 1E10
0x28, 0x4C, 0x55, 0x54, 0x29, 0x15, 0x1E, 0xED, 0x06, 0x00, 0x04, 0x08, 0x0C, 0x01, 0x05, 0x09, // (LUT)........... 1E20
0x0D, 0x02, 0x06, 0x0A, 0x0E, 0x03, 0x07, 0x0B, 0x0F, 0x87, 0x54, 0x52, 0x41, 0x4E, 0x53, 0x41, // ..........TRANSA 1E30
0x44, 0x1F, 0x1E, 0xB2, 0x06, 0x1C, 0x01, 0x0F, 0x00, 0x55, 0x04, 0x27, 0x1E, 0x47, 0x05, 0x5D, // D........U.'.G.] 1E40
0x06, 0xBB, 0x04, 0x86, 0x4D, 0x34, 0x58, 0x34, 0x41, 0x44, 0x39, 0x1E, 0xB2, 0x06, 0x8A, 0x01, // ....M4X4AD9..... 1E50
0xA8, 0x1B, 0x19, 0x09, 0xBE, 0x05, 0xA8, 0x1B, 0x93, 0x01, 0x47, 0x05, 0x47, 0x05, 0xBB, 0x04, // ..........G.G... 1E60
0x86, 0x4D, 0x34, 0x58, 0x31, 0x41, 0x44, 0x53, 0x1E, 0xB2, 0x06, 0xBE, 0x05, 0xA8, 0x1B, 0x47, // .M4X1ADS.......G 1E70
0x05, 0xBB, 0x04, 0x86, 0x47, 0x4F, 0x54, 0x4F, 0x58, 0x59, 0x70, 0x1E, 0xB2, 0x06, 0x49, 0x08, // ....GOTOXYp...I. 1E80
0x54, 0x06, 0xCE, 0x0B, 0x8A, 0x01, 0xB7, 0x1E, 0x06, 0x07, 0xBD, 0x17, 0xA5, 0x0C, 0x01, 0x3B, // T..............; 1E90
0x06, 0x07, 0xBD, 0x17, 0xA5, 0x0C, 0x01, 0x66, 0x93, 0x01, 0x49, 0x08, 0x78, 0x06, 0xBB, 0x04, // .......f..I.x... 1EA0
0x84, 0x45, 0x53, 0x43, 0x5B, 0x83, 0x1E, 0xB2, 0x06, 0xA5, 0x0C, 0x02, 0x1B, 0x5B, 0xBB, 0x04, // .ESC[........[.. 1EB0
0x83, 0x43, 0x3E, 0x53, 0xB0, 0x1E, 0xB2, 0x06, 0xC8, 0x05, 0x1C, 0x01, 0x80, 0x00, 0x55, 0x04, // .C>S..........U. 1EC0
0x50, 0x01, 0xDA, 0x1E, 0x1C, 0x01, 0x00, 0xFF, 0x5E, 0x04, 0xBB, 0x04, 0x87, 0x23, 0x47, 0x4F, // P.......^....#GO 1ED0
0x54, 0x4F, 0x58, 0x59, 0xC0, 0x1E, 0xB2, 0x06, 0x6C, 0x08, 0x54, 0x06, 0x1C, 0x01, 0x40, 0x00, // TOXY....l.T...@. 1EE0
0xC9, 0x12, 0xB8, 0x08, 0x5D, 0x06, 0x47, 0x05, 0xBE, 0x05, 0xC2, 0x08, 0x5D, 0x06, 0x47, 0x05, // ....].G.....].G. 1EF0
0xBE, 0x05, 0x8C, 0x1E, 0xBB, 0x04, 0x00, 0x00, 0x00, 0x00, 0x01, 0xC0, 0x00, 0x00, 0x00, 0x00, // ................ 1F00
0x00, 0x00, 0x00, 0x00, 0x00, 0x00, 0x00, 0x00, 0x00, 0xFF, 0x00, 0x00, 0x00, 0x00, 0x40, 0x00, // ..............@. 1F10
0x00, 0x00, 0x00, 0x00, 0x00, 0x00, 0x86, 0x28, 0x43, 0x4F, 0x4D, 0x4D, 0x29, 0xDC, 0x1E, 0xB2, // .......(COMM)... 1F20
0x06, 0x1C, 0x01, 0x06, 0x1F, 0x47, 0x05, 0x5D, 0x06, 0xC6, 0x1E, 0x6C, 0x08, 0x3F, 0x06, 0x6C, // .....G.]...l.?.l 1F30
0x08, 0x54, 0x06, 0x1C, 0x01, 0xFF, 0x03, 0x55, 0x04, 0x6C, 0x08, 0x78, 0x06, 0xE6, 0x1E, 0xBB, // .T.....U.l.x.... 1F40
0x04, 0x86, 0x28, 0x52, 0x46, 0x53, 0x48, 0x29, 0x26, 0x1F, 0xB2, 0x06, 0x1C, 0x01, 0x40, 0x00, // ..(RFSH)&.....@. 1F50
0xBA, 0x12, 0x5F, 0x07, 0x47, 0x05, 0xC8, 0x05, 0x1C, 0x01, 0x40, 0x00, 0x47, 0x05, 0xBE, 0x05, // .._.G.....@.G... 1F60
0x76, 0x01, 0xA4, 0x01, 0x5D, 0x06, 0x7D, 0x03, 0x5D, 0x01, 0x72, 0x1F, 0xBB, 0x04, 0x85, 0x52, // v...].}.].r....R 1F70
0x46, 0x53, 0x48, 0x31, 0x51, 0x1F, 0xB2, 0x06, 0x1C, 0x01, 0x10, 0x00, 0x06, 0x07, 0x76, 0x01, // FSH1Q.........v. 1F80
0xA4, 0x01, 0x1C, 0x01, 0x40, 0x00, 0xBA, 0x12, 0x6C, 0x08, 0x78, 0x06, 0xE6, 0x1E, 0xA4, 0x01, // ....@...l.x..... 1F90
0x5A, 0x1F, 0x5D, 0x01, 0x90, 0x1F, 0xBB, 0x04, 0x87, 0x52, 0x46, 0x53, 0x48, 0x53, 0x43, 0x52, // Z.]......RFSHSCR 1FA0
0x7E, 0x1F, 0xB2, 0x06, 0x6C, 0x08, 0x54, 0x06, 0x86, 0x1F, 0x07, 0x01, 0x07, 0x01, 0xE6, 0x1E, // ~...l.T......... 1FB0
0xBB, 0x04, 0x88, 0x43, 0x48, 0x45, 0x43, 0x4B, 0x53, 0x55, 0x4D, 0x7E, 0x1F, 0xB2, 0x06, 0x06, // ...CHECKSUM~.... 1FC0
0x07, 0x5F, 0x07, 0xC8, 0x05, 0x1C, 0x01, 0x00, 0x04, 0x47, 0x05, 0xBE, 0x05, 0x76, 0x01, 0xA4, // ._.......G...v.. 1FD0
0x01, 0x5D, 0x06, 0x47, 0x05, 0x5D, 0x01, 0xDF, 0x1F, 0xBB, 0x04, 0x87, 0x28, 0x42, 0x4C, 0x4F, // .].G.]......(BLO 1FE0
0x43, 0x4B, 0x29, 0xC2, 0x1F, 0xB2, 0x06, 0x1C, 0x01, 0x00, 0x08, 0x42, 0x04, 0x27, 0x01, 0x00, // CK)........B.'.. 1FF0
0x00, 0x00, 0x04, 0x59, 0x05, 0xA4, 0x08, 0x5D, 0x06, 0x50, 0x01, 0x15, 0x20, 0x27, 0x01, 0x00, // ...Y...].P.. '.. 2000
0x00, 0x00, 0x04, 0x50, 0x05, 0xBB, 0x04, 0x84, 0x54, 0x41, 0x53, 0x4B, 0xEB, 0x1F, 0xB2, 0x06, // ...P....TASK.... 2010
0xBB, 0x04, 0x00, 0x00, 0x00, 0x00, 0x00, 0x00, 0x00, 0x00, 0x00, 0x00, 0x00, 0x00, 0x00, 0x00, // ................ 2020
0x00, 0x00, 0x00, 0x00, 0x00, 0x00, 0x00, 0x00, 0x00, 0x00, 0x00, 0x00, 0x00, 0x00, 0x00, 0x00, // ................ 2030
0x00, 0x00, 0x00, 0x00, 0x00, 0x00, 0x00, 0x00, 0x00, 0x00, 0x00, 0x00, 0x00, 0x00, 0x00, 0x00, // ................ 2040
0x00, 0x00, 0x00, 0x00, 0x00, 0x00, 0x00, 0x00, 0x00, 0x00, 0x00, 0x00, 0x00, 0x00, 0x00, 0x00, // ................ 2050
0x00, 0x00, 0x00, 0x00, 0x00, 0x00, 0x00, 0x00, 0x00, 0x00, 0x00, 0x00, 0x00, 0x00, 0x00, 0x00, // ................ 2060
0x00, 0x00, 0x00, 0x00, 0x00, 0x00, 0x00, 0x00, 0x00, 0x00, 0x00, 0x00, 0x00, 0x00, 0x00, 0x00, // ................ 2070
0x00, 0x00, 0x00, 0x00, 0x00, 0x00, 0x00, 0x00, 0x00, 0x00, 0x00, 0x00, 0x00, 0x00, 0x00, 0x00, // ................ 2080
0x00, 0x00, 0x00, 0x00, 0x00, 0x00, 0x00, 0x00, 0x00, 0x00, 0x00, 0x00, 0x00, 0x00, 0x00, 0x00, // ................ 2090
0x00, 0x00, 0x00, 0x00, 0x00, 0x00, 0x00, 0x00, 0x00, 0x00, 0x00, 0x00, 0x00, 0x00, 0x00, 0x00, // ................ 20A0
0x00, 0x00, 0x00, 0x00, 0x00, 0x00, 0x00, 0x00, 0x00, 0x00, 0x00, 0x00, 0x00, 0x00, 0x00, 0x00, // ................ 20B0
0x00, 0x00, 0x00, 0x00, 0x00, 0x00, 0x00, 0x00, 0x00, 0x00, 0x00, 0x00, 0x00, 0x00, 0x00, 0x00, // ................ 20C0
0x00, 0x00, 0x00, 0x00, 0x00, 0x00, 0x00, 0x00, 0x00, 0x00, 0x00, 0x00, 0x00, 0x00, 0x00, 0x00, // ................ 20D0
0x00, 0x00, 0x00, 0x00, 0x00, 0x00, 0x00, 0x00, 0x00, 0x00, 0x00, 0x00, 0x00, 0x00, 0x00, 0x00, // ................ 20E0
0x00, 0x00, 0x00, 0x00, 0x00, 0x00, 0x00, 0x00, 0x00, 0x00, 0x00, 0x00, 0x00, 0x00, 0x00, 0x00, // ................ 20F0
0x00, 0x00, 0x00, 0x00, 0x00, 0x00, 0x00, 0x00, 0x00, 0x00, 0x00, 0x00, 0x00, 0x00, 0x00, 0x00, // ................ 2100
0x00, 0x00, 0x00, 0x00, 0x00, 0x00, 0x00, 0x00, 0x00, 0x00, 0x00, 0x00, 0x00, 0x00, 0x00, 0x00, // ................ 2110
0x00, 0x00, 0x00, 0x00, 0x00, 0x00, 0x00, 0x00, 0x00, 0x00, 0x00, 0x00, 0x00, 0x00, 0x00, 0x00, // ................ 2120
0x00, 0x00, 0x00, 0x00, 0x00, 0x00, 0x00, 0x00, 0x00, 0x00, 0x00, 0x00, 0x00, 0x00, 0x00, 0x00, // ................ 2130
0x00, 0x00, 0x00, 0x00, 0x00, 0x00, 0x00, 0x00, 0x00, 0x00, 0x00, 0x00, 0x00, 0x00, 0x00, 0x00, // ................ 2140
0x00, 0x00, 0x00, 0x00, 0x00, 0x00, 0x00, 0x00, 0x00, 0x00, 0x00, 0x00, 0x00, 0x00, 0x00, 0x00, // ................ 2150
0x00, 0x00, 0x00, 0x00, 0x00, 0x00, 0x00, 0x00, 0x00, 0x00, 0x00, 0x00, 0x00, 0x00, 0x00, 0x00, // ................ 2160
0x00, 0x00, 0x00, 0x00, 0x00, 0x00, 0x00, 0x00, 0x00, 0x00, 0x00, 0x00, 0x00, 0x00, 0x00, 0x00, // ................ 2170
0x00, 0x00, 0x00, 0x00, 0x00, 0x00, 0x00, 0x00, 0x00, 0x00, 0x00, 0x00, 0x00, 0x00, 0x00, 0x00, // ................ 2180
0x00, 0x00, 0x00, 0x00, 0x00, 0x00, 0x00, 0x00, 0x00, 0x00, 0x00, 0x00, 0x00, 0x00, 0x00, 0x00, // ................ 2190
0x00, 0x00, 0x00, 0x00, 0x00, 0x00, 0x00, 0x00, 0x00, 0x00, 0x00, 0x00, 0x00, 0x00, 0x00, 0x00, // ................ 21A0
0x00, 0x00, 0x00, 0x00, 0x00, 0x00, 0x00, 0x00, 0x00, 0x00, 0x00, 0x00, 0x00, 0x00, 0x00, 0x00, // ................ 21B0
0x00, 0x00, 0x00, 0x00, 0x00, 0x00, 0x00, 0x00, 0x00, 0x00, 0x00, 0x00, 0x00, 0x00, 0x00, 0x00, // ................ 21C0
0x00, 0x00, 0x00, 0x00, 0x00, 0x00, 0x00, 0x00, 0x00, 0x00, 0x00, 0x00, 0x00, 0x00, 0x00, 0x00, // ................ 21D0
0x00, 0x00, 0x00, 0x00, 0x00, 0x00, 0x00, 0x00, 0x00, 0x00, 0x00, 0x00, 0x00, 0x00, 0x00, 0x00, // ................ 21E0
0x00, 0x00, 0x00, 0x00, 0x00, 0x00, 0x00, 0x00, 0x00, 0x00, 0x00, 0x00, 0x00, 0x00, 0x00, 0x00, // ................ 21F0
0x00, 0x00, 0x00, 0x00, 0x00, 0x00, 0x00, 0x00, 0x00, 0x00, 0x00, 0x00, 0x00, 0x00, 0x00, 0x00, // ................ 2200
0x00, 0x00, 0x00, 0x00, 0x00, 0x00, 0x00, 0x00, 0x00, 0x00, 0x00, 0x00, 0x00, 0x00, 0x00, 0x00, // ................ 2210
0x00, 0x00, 0x00, 0x00, 0x00, 0x00, 0x00, 0x00, 0x00, 0x00, 0x00, 0x00, 0x00, 0x00, 0x00, 0x00, // ................ 2220
0x00, 0x00, 0x00, 0x00, 0x00, 0x00, 0x00, 0x00, 0x00, 0x00, 0x00, 0x00, 0x00, 0x00, 0x00, 0x00, // ................ 2230
0x00, 0x00, 0x00, 0x00, 0x00, 0x00, 0x00, 0x00, 0x00, 0x00, 0x00, 0x00, 0x00, 0x00, 0x00, 0x00, // ................ 2240
0x00, 0x00, 0x00, 0x00, 0x00, 0x00, 0x00, 0x00, 0x00, 0x00, 0x00, 0x00, 0x00, 0x00, 0x00, 0x00, // ................ 2250
0x00, 0x00, 0x00, 0x00, 0x00, 0x00, 0x00, 0x00, 0x00, 0x00, 0x00, 0x00, 0x00, 0x00, 0x00, 0x00, // ................ 2260
0x00, 0x00, 0x00, 0x00, 0x00, 0x00, 0x00, 0x00, 0x00, 0x00, 0x00, 0x00, 0x00, 0x00, 0x00, 0x00, // ................ 2270
0x00, 0x00, 0x00, 0x00, 0x00, 0x00, 0x00, 0x00, 0x00, 0x00, 0x00, 0x00, 0x00, 0x00, 0x00, 0x00, // ................ 2280
0x00, 0x00, 0x00, 0x00, 0x00, 0x00, 0x00, 0x00, 0x00, 0x00, 0x00, 0x00, 0x00, 0x00, 0x00, 0x00, // ................ 2290
0x00, 0x00, 0x00, 0x00, 0x00, 0x00, 0x00, 0x00, 0x00, 0x00, 0x00, 0x00, 0x00, 0x00, 0x00, 0x00, // ................ 22A0
0x00, 0x00, 0x00, 0x00, 0x00, 0x00, 0x00, 0x00, 0x00, 0x00, 0x00, 0x00, 0x00, 0x00, 0x00, 0x00, // ................ 22B0
0x00, 0x00, 0x00, 0x00, 0x00, 0x00, 0x00, 0x00, 0x00, 0x00, 0x00, 0x00, 0x00, 0x00, 0x00, 0x00, // ................ 22C0
0x00, 0x00, 0x00, 0x00, 0x00, 0x00, 0x00, 0x00, 0x00, 0x00, 0x00, 0x00, 0x00, 0x00, 0x00, 0x00, // ................ 22D0
0x00, 0x00, 0x00, 0x00, 0x00, 0x00, 0x00, 0x00, 0x00, 0x00, 0x00, 0x00, 0x00, 0x00, 0x00, 0x00, // ................ 22E0
0x00, 0x00, 0x00, 0x00, 0x00, 0x00, 0x00, 0x00, 0x00, 0x00, 0x00, 0x00, 0x00, 0x00, 0x00, 0x00, // ................ 22F0
0x00, 0x00, 0x00, 0x00, 0x00, 0x00, 0x00, 0x00, 0x00, 0x00, 0x00, 0x00, 0x00, 0x00, 0x00, 0x00, // ................ 2300
0x00, 0x00, 0x00, 0x00, 0x00, 0x00, 0x00, 0x00, 0x00, 0x00, 0x00, 0x00, 0x00, 0x00, 0x00, 0x00, // ................ 2310
0x00, 0x00, 0x00, 0x00, 0x00, 0x00, 0x00, 0x00, 0x00, 0x00, 0x00, 0x00, 0x00, 0x00, 0x00, 0x00, // ................ 2320
0x00, 0x00, 0x00, 0x00, 0x00, 0x00, 0x00, 0x00, 0x00, 0x00, 0x00, 0x00, 0x00, 0x00, 0x00, 0x00, // ................ 2330
0x00, 0x00, 0x00, 0x00, 0x00, 0x00, 0x00, 0x00, 0x00, 0x00, 0x00, 0x00, 0x00, 0x00, 0x00, 0x00, // ................ 2340
0x00, 0x00, 0x00, 0x00, 0x00, 0x00, 0x00, 0x00, 0x00, 0x00, 0x00, 0x00, 0x00, 0x00, 0x00, 0x00, // ................ 2350
0x00, 0x00, 0x00, 0x00, 0x00, 0x00, 0x00, 0x00, 0x00, 0x00, 0x00, 0x00, 0x00, 0x00, 0x00, 0x00, // ................ 2360
0x00, 0x00, 0x00, 0x00, 0x00, 0x00, 0x00, 0x00, 0x00, 0x00, 0x00, 0x00, 0x00, 0x00, 0x00, 0x00, // ................ 2370
0x00, 0x00, 0x00, 0x00, 0x00, 0x00, 0x00, 0x00, 0x00, 0x00, 0x00, 0x00, 0x00, 0x00, 0x00, 0x00, // ................ 2380
0x00, 0x00, 0x00, 0x00, 0x00, 0x00, 0x00, 0x00, 0x00, 0x00, 0x00, 0x00, 0x00, 0x00, 0x00, 0x00, // ................ 2390
0x00, 0x00, 0x00, 0x00, 0x00, 0x00, 0x00, 0x00, 0x00, 0x00, 0x00, 0x00, 0x00, 0x00, 0x00, 0x00, // ................ 23A0
0x00, 0x00, 0x00, 0x00, 0x00, 0x00, 0x00, 0x00, 0x00, 0x00, 0x00, 0x00, 0x00, 0x00, 0x00, 0x00, // ................ 23B0
0x00, 0x00, 0x00, 0x00, 0x00, 0x00, 0x00, 0x00, 0x00, 0x00, 0x00, 0x00, 0x00, 0x00, 0x00, 0x00, // ................ 23C0
0x00, 0x00, 0x00, 0x00, 0x00, 0x00, 0x00, 0x00, 0x00, 0x00, 0x00, 0x00, 0x00, 0x00, 0x00, 0x00, // ................ 23D0
0x00, 0x00, 0x00, 0x00, 0x00, 0x00, 0x00, 0x00, 0x00, 0x00, 0x00, 0x00, 0x00, 0x00, 0x00, 0x00, // ................ 23E0
0x00, 0x00, 0x00, 0x00, 0x00, 0x00, 0x00, 0x00, 0x00, 0x00, 0x00, 0x00, 0x00, 0x00, 0x00, 0x00, // ................ 23F0
0x00, 0x00, 0x00, 0x00, 0x00, 0x00, 0x00, 0x00, 0x00, 0x00, 0x00, 0x00, 0x00, 0x00, 0x00, 0x00, // ................ 2400
0x00, 0x00, 0x00, 0x00, 0x00, 0x00, 0x00, 0x00, 0x00, 0x00, 0x00, 0x00, 0x00, 0x00, 0x00, 0x00, // ................ 2410
0x00, 0x00, 0x00, 0x00, 0x00, 0x00, 0x00, 0x00, 0x00, 0x00, 0x00, 0x00, 0x00, 0x00, 0x00, 0x00, // ................ 2420
0x00, 0x00, 0x00, 0x00, 0x00, 0x00, 0x00, 0x00, 0x00, 0x00, 0x00, 0x00, 0x00, 0x00, 0x00, 0x00, // ................ 2430
0x00, 0x00, 0x00, 0x00, 0x00, 0x00, 0x00, 0x00, 0x00, 0x00, 0x00, 0x00, 0x00, 0x00, 0x00, 0x00, // ................ 2440
0x00, 0x00, 0x00, 0x00, 0x00, 0x00, 0x00, 0x00, 0x00, 0x00, 0x00, 0x00, 0x00, 0x00, 0x00, 0x00, // ................ 2450
0x00, 0x00, 0x00, 0x00, 0x00, 0x00, 0x00, 0x00, 0x00, 0x00, 0x00, 0x00, 0x00, 0x00, 0x00, 0x00, // ................ 2460
0x00, 0x00, 0x00, 0x00, 0x00, 0x00, 0x00, 0x00, 0x00, 0x00, 0x00, 0x00, 0x00, 0x00, 0x00, 0x00, // ................ 2470
0x00, 0x00, 0x00, 0x00, 0x00, 0x00, 0x00, 0x00, 0x00, 0x00, 0x00, 0x00, 0x00, 0x00, 0x00, 0x00, // ................ 2480
0x00, 0x00, 0x00, 0x00, 0x00, 0x00, 0x00, 0x00, 0x00, 0x00, 0x00, 0x00, 0x00, 0x00, 0x00, 0x00, // ................ 2490
0x00, 0x00, 0x00, 0x00, 0x00, 0x00, 0x00, 0x00, 0x00, 0x00, 0x00, 0x00, 0x00, 0x00, 0x00, 0x00, // ................ 24A0
0x00, 0x00, 0x00, 0x00, 0x00, 0x00, 0x00, 0x00, 0x00, 0x00, 0x00, 0x00, 0x00, 0x00, 0x00, 0x00, // ................ 24B0
0x00, 0x00, 0x00, 0x00, 0x00, 0x00, 0x00, 0x00, 0x00, 0x00, 0x00, 0x00, 0x00, 0x00, 0x00, 0x00, // ................ 24C0
0x00, 0x00, 0x00, 0x00, 0x00, 0x00, 0x00, 0x00, 0x00, 0x00, 0x00, 0x00, 0x00, 0x00, 0x00, 0x00, // ................ 24D0
0x00, 0x00, 0x00, 0x00, 0x00, 0x00, 0x00, 0x00, 0x00, 0x00, 0x00, 0x00, 0x00, 0x00, 0x00, 0x00, // ................ 24E0
0x00, 0x00, 0x00, 0x00, 0x00, 0x00, 0x00, 0x00, 0x00, 0x00, 0x00, 0x00, 0x00, 0x00, 0x00, 0x00, // ................ 24F0
0x00, 0x00, 0x00, 0x00, 0x00, 0x00, 0x00, 0x00, 0x00, 0x00, 0x00, 0x00, 0x00, 0x00, 0x00, 0x00, // ................ 2500
0x00, 0x00, 0x00, 0x00, 0x00, 0x00, 0x00, 0x00, 0x00, 0x00, 0x00, 0x00, 0x00, 0x00, 0x00, 0x00, // ................ 2510
0x00, 0x00, 0x00, 0x00, 0x00, 0x00, 0x00, 0x00, 0x00, 0x00, 0x00, 0x00, 0x00, 0x00, 0x00, 0x00, // ................ 2520
0x00, 0x00, 0x00, 0x00, 0x00, 0x00, 0x00, 0x00, 0x00, 0x00, 0x00, 0x00, 0x00, 0x00, 0x00, 0x00, // ................ 2530
0x00, 0x00, 0x00, 0x00, 0x00, 0x00, 0x00, 0x00, 0x00, 0x00, 0x00, 0x00, 0x00, 0x00, 0x00, 0x00, // ................ 2540
0x00, 0x00, 0x00, 0x00, 0x00, 0x00, 0x00, 0x00, 0x00, 0x00, 0x00, 0x00, 0x00, 0x00, 0x00, 0x00, // ................ 2550
0x00, 0x00, 0x00, 0x00, 0x00, 0x00, 0x00, 0x00, 0x00, 0x00, 0x00, 0x00, 0x00, 0x00, 0x00, 0x00, // ................ 2560
0x00, 0x00, 0x00, 0x00, 0x00, 0x00, 0x00, 0x00, 0x00, 0x00, 0x00, 0x00, 0x00, 0x00, 0x00, 0x00, // ................ 2570
0x00, 0x00, 0x00, 0x00, 0x00, 0x00, 0x00, 0x00, 0x00, 0x00, 0x00, 0x00, 0x00, 0x00, 0x00, 0x00, // ................ 2580
0x00, 0x00, 0x00, 0x00, 0x00, 0x00, 0x00, 0x00, 0x00, 0x00, 0x00, 0x00, 0x00, 0x00, 0x00, 0x00, // ................ 2590
0x00, 0x00, 0x00, 0x00, 0x00, 0x00, 0x00, 0x00, 0x00, 0x00, 0x00, 0x00, 0x00, 0x00, 0x00, 0x00, // ................ 25A0
0x00, 0x00, 0x00, 0x00, 0x00, 0x00, 0x00, 0x00, 0x00, 0x00, 0x00, 0x00, 0x00, 0x00, 0x00, 0x00, // ................ 25B0
0x00, 0x00, 0x00, 0x00, 0x00, 0x00, 0x00, 0x00, 0x00, 0x00, 0x00, 0x00, 0x00, 0x00, 0x00, 0x00, // ................ 25C0
0x00, 0x00, 0x00, 0x00, 0x00, 0x00, 0x00, 0x00, 0x00, 0x00, 0x00, 0x00, 0x00, 0x00, 0x00, 0x00, // ................ 25D0
0x00, 0x00, 0x00, 0x00, 0x00, 0x00, 0x00, 0x00, 0x00, 0x00, 0x00, 0x00, 0x00, 0x00, 0x00, 0x00, // ................ 25E0
0x00, 0x00, 0x00, 0x00, 0x00, 0x00, 0x00, 0x00, 0x00, 0x00, 0x00, 0x00, 0x00, 0x00, 0x00, 0x00, // ................ 25F0
0x00, 0x00, 0x00, 0x00, 0x00, 0x00, 0x00, 0x00, 0x00, 0x00, 0x00, 0x00, 0x00, 0x00, 0x00, 0x00, // ................ 2600
0x00, 0x00, 0x00, 0x00, 0x00, 0x00, 0x00, 0x00, 0x00, 0x00, 0x00, 0x00, 0x00, 0x00, 0x00, 0x00, // ................ 2610
0x00, 0x00, 0x00, 0x00, 0x00, 0x00, 0x00, 0x00, 0x00, 0x00, 0x00, 0x00, 0x00, 0x00, 0x00, 0x00, // ................ 2620
0x00, 0x00, 0x00, 0x00, 0x00, 0x00, 0x00, 0x00, 0x00, 0x00, 0x00, 0x00, 0x00, 0x00, 0x00, 0x00, // ................ 2630
0x00, 0x00, 0x00, 0x00, 0x00, 0x00, 0x00, 0x00, 0x00, 0x00, 0x00, 0x00, 0x00, 0x00, 0x00, 0x00, // ................ 2640
0x00, 0x00, 0x00, 0x00, 0x00, 0x00, 0x00, 0x00, 0x00, 0x00, 0x00, 0x00, 0x00, 0x00, 0x00, 0x00, // ................ 2650
0x00, 0x00, 0x00, 0x00, 0x00, 0x00, 0x00, 0x00, 0x00, 0x00, 0x00, 0x00, 0x00, 0x00, 0x00, 0x00, // ................ 2660
0x00, 0x00, 0x00, 0x00, 0x00, 0x00, 0x00, 0x00, 0x00, 0x00, 0x00, 0x00, 0x00, 0x00, 0x00, 0x00, // ................ 2670
0x00, 0x00, 0x00, 0x00, 0x00, 0x00, 0x00, 0x00, 0x00, 0x00, 0x00, 0x00, 0x00, 0x00, 0x00, 0x00, // ................ 2680
0x00, 0x00, 0x00, 0x00, 0x00, 0x00, 0x00, 0x00, 0x00, 0x00, 0x00, 0x00, 0x00, 0x00, 0x00, 0x00, // ................ 2690
0x00, 0x00, 0x00, 0x00, 0x00, 0x00, 0x00, 0x00, 0x00, 0x00, 0x00, 0x00, 0x00, 0x00, 0x00, 0x00, // ................ 26A0
0x00, 0x00, 0x00, 0x00, 0x00, 0x00, 0x00, 0x00, 0x00, 0x00, 0x00, 0x00, 0x00, 0x00, 0x00, 0x00, // ................ 26B0
0x00, 0x00, 0x00, 0x00, 0x00, 0x00, 0x00, 0x00, 0x00, 0x00, 0x00, 0x00, 0x00, 0x00, 0x00, 0x00, // ................ 26C0
0x00, 0x00, 0x00, 0x00, 0x00, 0x00, 0x00, 0x00, 0x00, 0x00, 0x00, 0x00, 0x00, 0x00, 0x00, 0x00, // ................ 26D0
0x00, 0x00, 0x00, 0x00, 0x00, 0x00, 0x00, 0x00, 0x00, 0x00, 0x00, 0x00, 0x00, 0x00, 0x00, 0x00, // ................ 26E0
0x00, 0x00, 0x00, 0x00, 0x00, 0x00, 0x00, 0x00, 0x00, 0x00, 0x00, 0x00, 0x00, 0x00, 0x00, 0x00, // ................ 26F0
0x00, 0x00, 0x00, 0x00, 0x00, 0x00, 0x00, 0x00, 0x00, 0x00, 0x00, 0x00, 0x00, 0x00, 0x00, 0x00, // ................ 2700
0x00, 0x00, 0x00, 0x00, 0x00, 0x00, 0x00, 0x00, 0x00, 0x00, 0x00, 0x00, 0x00, 0x00, 0x00, 0x00, // ................ 2710
0x00, 0x00, 0x00, 0x00, 0x00, 0x00, 0x00, 0x00, 0x00, 0x00, 0x00, 0x00, 0x00, 0x00, 0x00, 0x00, // ................ 2720
0x00, 0x00, 0x00, 0x00, 0x00, 0x00, 0x00, 0x00, 0x00, 0x00, 0x00, 0x00, 0x00, 0x00, 0x00, 0x00, // ................ 2730
0x00, 0x00, 0x00, 0x00, 0x00, 0x00, 0x00, 0x00, 0x00, 0x00, 0x00, 0x00, 0x00, 0x00, 0x00, 0x00, // ................ 2740
0x00, 0x00, 0x00, 0x00, 0x00, 0x00, 0x00, 0x00, 0x00, 0x00, 0x00, 0x00, 0x00, 0x00, 0x00, 0x00, // ................ 2750
0x00, 0x00, 0x00, 0x00, 0x00, 0x00, 0x00, 0x00, 0x00, 0x00, 0x00, 0x00, 0x00, 0x00, 0x00, 0x00, // ................ 2760
0x00, 0x00, 0x00, 0x00, 0x00, 0x00, 0x00, 0x00, 0x00, 0x00, 0x00, 0x00, 0x00, 0x00, 0x00, 0x00, // ................ 2770
0x00, 0x00, 0x00, 0x00, 0x00, 0x00, 0x00, 0x00, 0x00, 0x00, 0x00, 0x00, 0x00, 0x00, 0x00, 0x00, // ................ 2780
0x00, 0x00, 0x00, 0x00, 0x00, 0x00, 0x00, 0x00, 0x00, 0x00, 0x00, 0x00, 0x00, 0x00, 0x00, 0x00, // ................ 2790
0x00, 0x00, 0x00, 0x00, 0x00, 0x00, 0x00, 0x00, 0x00, 0x00, 0x00, 0x00, 0x00, 0x00, 0x00, 0x00, // ................ 27A0
0x00, 0x00, 0x00, 0x00, 0x00, 0x00, 0x00, 0x00, 0x00, 0x00, 0x00, 0x00, 0x00, 0x00, 0x00, 0x00, // ................ 27B0
0x00, 0x00, 0x00, 0x00, 0x00, 0x00, 0x00, 0x00, 0x00, 0x00, 0x00, 0x00, 0x00, 0x00, 0x00, 0x00, // ................ 27C0
0x00, 0x00, 0x00, 0x00, 0x00, 0x00, 0x00, 0x00, 0x00, 0x00, 0x00, 0x00, 0x00, 0x00, 0x00, 0x00, // ................ 27D0
0x00, 0x00, 0x00, 0x00, 0x00, 0x00, 0x00, 0x00, 0x00, 0x00, 0x00, 0x00, 0x00, 0x00, 0x00, 0x00, // ................ 27E0
0x00, 0x00, 0x00, 0x00, 0x00, 0x00, 0x00, 0x00, 0x00, 0x00, 0x00, 0x00, 0x00, 0x00, 0x00, 0x00, // ................ 27F0
0x00, 0x00, 0x00, 0x00, 0x00, 0x00, 0x00, 0x00, 0x00, 0x00, 0x00, 0x00, 0x00, 0x00, 0x00, 0x00, // ................ 2800
0x00, 0x00, 0x00, 0x00, 0x00, 0x00, 0x00, 0x00, 0x00, 0x00, 0x00, 0x00, 0x00, 0x00, 0x00, 0x00, // ................ 2810
0x00, 0x00, 0x00, 0x00, 0x00, 0x00, 0x00, 0x00, 0x00, 0x00, 0x00, 0x00, 0x00, 0x00, 0x00, 0x00, // ................ 2820
0x00, 0x00, 0x00, 0x00, 0x00, 0x00, 0x00, 0x00, 0x00, 0x00, 0x00, 0x00, 0x00, 0x00, 0x00, 0x00, // ................ 2830
0x00, 0x00, 0x00, 0x00, 0x00, 0x00, 0x00, 0x00, 0x00, 0x00, 0x00, 0x00, 0x00, 0x00, 0x00, 0x00, // ................ 2840
0x00, 0x00, 0x00, 0x00, 0x00, 0x00, 0x00, 0x00, 0x00, 0x00, 0x00, 0x00, 0x00, 0x00, 0x00, 0x00, // ................ 2850
0x00, 0x00, 0x00, 0x00, 0x00, 0x00, 0x00, 0x00, 0x00, 0x00, 0x00, 0x00, 0x00, 0x00, 0x00, 0x00, // ................ 2860
0x00, 0x00, 0x00, 0x00, 0x00, 0x00, 0x00, 0x00, 0x00, 0x00, 0x00, 0x00, 0x00, 0x00, 0x00, 0x00, // ................ 2870
0x00, 0x00, 0x00, 0x00, 0x00, 0x00, 0x00, 0x00, 0x00, 0x00, 0x00, 0x00, 0x00, 0x00, 0x00, 0x00, // ................ 2880
0x00, 0x00, 0x00, 0x00, 0x00, 0x00, 0x00, 0x00, 0x00, 0x00, 0x00, 0x00, 0x00, 0x00, 0x00, 0x00, // ................ 2890
0x00, 0x00, 0x00, 0x00, 0x00, 0x00, 0x00, 0x00, 0x00, 0x00, 0x00, 0x00, 0x00, 0x00, 0x00, 0x00, // ................ 28A0
0x00, 0x00, 0x00, 0x00, 0x00, 0x00, 0x00, 0x00, 0x00, 0x00, 0x00, 0x00, 0x00, 0x00, 0x00, 0x00, // ................ 28B0
0x00, 0x00, 0x00, 0x00, 0x00, 0x00, 0x00, 0x00, 0x00, 0x00, 0x00, 0x00, 0x00, 0x00, 0x00, 0x00, // ................ 28C0
0x00, 0x00, 0x00, 0x00, 0x00, 0x00, 0x00, 0x00, 0x00, 0x00, 0x00, 0x00, 0x00, 0x00, 0x00, 0x00, // ................ 28D0
0x00, 0x00, 0x00, 0x00, 0x00, 0x00, 0x00, 0x00, 0x00, 0x00, 0x00, 0x00, 0x00, 0x00, 0x00, 0x00, // ................ 28E0
0x00, 0x00, 0x00, 0x00, 0x00, 0x00, 0x00, 0x00, 0x00, 0x00, 0x00, 0x00, 0x00, 0x00, 0x00, 0x00, // ................ 28F0
0x00, 0x00, 0x00, 0x00, 0x00, 0x00, 0x00, 0x00, 0x00, 0x00, 0x00, 0x00, 0x00, 0x00, 0x00, 0x00, // ................ 2900
0x00, 0x00, 0x00, 0x00, 0x00, 0x00, 0x00, 0x00, 0x00, 0x00, 0x00, 0x00, 0x00, 0x00, 0x00, 0x00, // ................ 2910
0x00, 0x00, 0x00, 0x00, 0x00, 0x00, 0x00, 0x00, 0x00, 0x00, 0x00, 0x00, 0x00, 0x00, 0x00, 0x00, // ................ 2920
0x00, 0x00, 0x00, 0x00, 0x00, 0x00, 0x00, 0x00, 0x00, 0x00, 0x00, 0x00, 0x00, 0x00, 0x00, 0x00, // ................ 2930
0x00, 0x00, 0x00, 0x00, 0x00, 0x00, 0x00, 0x00, 0x00, 0x00, 0x00, 0x00, 0x00, 0x00, 0x00, 0x00, // ................ 2940
0x00, 0x00, 0x00, 0x00, 0x00, 0x00, 0x00, 0x00, 0x00, 0x00, 0x00, 0x00, 0x00, 0x00, 0x00, 0x00, // ................ 2950
0x00, 0x00, 0x00, 0x00, 0x00, 0x00, 0x00, 0x00, 0x00, 0x00, 0x00, 0x00, 0x00, 0x00, 0x00, 0x00, // ................ 2960
0x00, 0x00, 0x00, 0x00, 0x00, 0x00, 0x00, 0x00, 0x00, 0x00, 0x00, 0x00, 0x00, 0x00, 0x00, 0x00, // ................ 2970
0x00, 0x00, 0x00, 0x00, 0x00, 0x00, 0x00, 0x00, 0x00, 0x00, 0x00, 0x00, 0x00, 0x00, 0x00, 0x00, // ................ 2980
0x00, 0x00, 0x00, 0x00, 0x00, 0x00, 0x00, 0x00, 0x00, 0x00, 0x00, 0x00, 0x00, 0x00, 0x00, 0x00, // ................ 2990
0x00, 0x00, 0x00, 0x00, 0x00, 0x00, 0x00, 0x00, 0x00, 0x00, 0x00, 0x00, 0x00, 0x00, 0x00, 0x00, // ................ 29A0
0x00, 0x00, 0x00, 0x00, 0x00, 0x00, 0x00, 0x00, 0x00, 0x00, 0x00, 0x00, 0x00, 0x00, 0x00, 0x00, // ................ 29B0
0x00, 0x00, 0x00, 0x00, 0x00, 0x00, 0x00, 0x00, 0x00, 0x00, 0x00, 0x00, 0x00, 0x00, 0x00, 0x00, // ................ 29C0
0x00, 0x00, 0x00, 0x00, 0x00, 0x00, 0x00, 0x00, 0x00, 0x00, 0x00, 0x00, 0x00, 0x00, 0x00, 0x00, // ................ 29D0
0x00, 0x00, 0x00, 0x00, 0x00, 0x00, 0x00, 0x00, 0x00, 0x00, 0x00, 0x00, 0x00, 0x00, 0x00, 0x00, // ................ 29E0
0x00, 0x00, 0x00, 0x00, 0x00, 0x00, 0x00, 0x00, 0x00, 0x00, 0x00, 0x00, 0x00, 0x00, 0x00, 0x00, // ................ 29F0
0x00, 0x00, 0x00, 0x00, 0x00, 0x00, 0x00, 0x00, 0x00, 0x00, 0x00, 0x00, 0x00, 0x00, 0x00, 0x00, // ................ 2A00
0x00, 0x00, 0x00, 0x00, 0x00, 0x00, 0x00, 0x00, 0x00, 0x00, 0x00, 0x00, 0x00, 0x00, 0x00, 0x00, // ................ 2A10
0x00, 0x00, 0x00, 0x00, 0x00, 0x00, 0x00, 0x00, 0x00, 0x00, 0x00, 0x00, 0x00, 0x00, 0x00, 0x00, // ................ 2A20
0x00, 0x00, 0x00, 0x00, 0x00, 0x00, 0x00, 0x00, 0x00, 0x00, 0x00, 0x00, 0x00, 0x00, 0x00, 0x00, // ................ 2A30
0x00, 0x00, 0x00, 0x00, 0x00, 0x00, 0x00, 0x00, 0x00, 0x00, 0x00, 0x00, 0x00, 0x00, 0x00, 0x00, // ................ 2A40
0x00, 0x00, 0x00, 0x00, 0x00, 0x00, 0x00, 0x00, 0x00, 0x00, 0x00, 0x00, 0x00, 0x00, 0x00, 0x00, // ................ 2A50
0x00, 0x00, 0x00, 0x00, 0x00, 0x00, 0x00, 0x00, 0x00, 0x00, 0x00, 0x00, 0x00, 0x00, 0x00, 0x00, // ................ 2A60
0x00, 0x00, 0x00, 0x00, 0x00, 0x00, 0x00, 0x00, 0x00, 0x00, 0x00, 0x00, 0x00, 0x00, 0x00, 0x00, // ................ 2A70
0x00, 0x00, 0x00, 0x00, 0x00, 0x00, 0x00, 0x00, 0x00, 0x00, 0x00, 0x00, 0x00, 0x00, 0x00, 0x00, // ................ 2A80
0x00, 0x00, 0x00, 0x00, 0x00, 0x00, 0x00, 0x00, 0x00, 0x00, 0x00, 0x00, 0x00, 0x00, 0x00, 0x00, // ................ 2A90
0x00, 0x00, 0x00, 0x00, 0x00, 0x00, 0x00, 0x00, 0x00, 0x00, 0x00, 0x00, 0x00, 0x00, 0x00, 0x00, // ................ 2AA0
0x00, 0x00, 0x00, 0x00, 0x00, 0x00, 0x00, 0x00, 0x00, 0x00, 0x00, 0x00, 0x00, 0x00, 0x00, 0x00, // ................ 2AB0
0x00, 0x00, 0x00, 0x00, 0x00, 0x00, 0x00, 0x00, 0x00, 0x00, 0x00, 0x00, 0x00, 0x00, 0x00, 0x00, // ................ 2AC0
0x00, 0x00, 0x00, 0x00, 0x00, 0x00, 0x00, 0x00, 0x00, 0x00, 0x00, 0x00, 0x00, 0x00, 0x00, 0x00, // ................ 2AD0
0x00, 0x00, 0x00, 0x00, 0x00, 0x00, 0x00, 0x00, 0x00, 0x00, 0x00, 0x00, 0x00, 0x00, 0x00, 0x00, // ................ 2AE0
0x00, 0x00, 0x00, 0x00, 0x00, 0x00, 0x00, 0x00, 0x00, 0x00, 0x00, 0x00, 0x00, 0x00, 0x00, 0x00, // ................ 2AF0
0x00, 0x00, 0x00, 0x00, 0x00, 0x00, 0x00, 0x00, 0x00, 0x00, 0x00, 0x00, 0x00, 0x00, 0x00, 0x00, // ................ 2B00
0x00, 0x00, 0x00, 0x00, 0x00, 0x00, 0x00, 0x00, 0x00, 0x00, 0x00, 0x00, 0x00, 0x00, 0x00, 0x00, // ................ 2B10
0x00, 0x00, 0x00, 0x00, 0x00, 0x00, 0x00, 0x00, 0x00, 0x00, 0x00, 0x00, 0x00, 0x00, 0x00, 0x00, // ................ 2B20
0x00, 0x00, 0x00, 0x00, 0x00, 0x00, 0x00, 0x00, 0x00, 0x00, 0x00, 0x00, 0x00, 0x00, 0x00, 0x00, // ................ 2B30
0x00, 0x00, 0x00, 0x00, 0x00, 0x00, 0x00, 0x00, 0x00, 0x00, 0x00, 0x00, 0x00, 0x00, 0x00, 0x00, // ................ 2B40
0x00, 0x00, 0x00, 0x00, 0x00, 0x00, 0x00, 0x00, 0x00, 0x00, 0x00, 0x00, 0x00, 0x00, 0x00, 0x00, // ................ 2B50
0x00, 0x00, 0x00, 0x00, 0x00, 0x00, 0x00, 0x00, 0x00, 0x00, 0x00, 0x00, 0x00, 0x00, 0x00, 0x00, // ................ 2B60
0x00, 0x00, 0x00, 0x00, 0x00, 0x00, 0x00, 0x00, 0x00, 0x00, 0x00, 0x00, 0x00, 0x00, 0x00, 0x00, // ................ 2B70
0x00, 0x00, 0x00, 0x00, 0x00, 0x00, 0x00, 0x00, 0x00, 0x00, 0x00, 0x00, 0x00, 0x00, 0x00, 0x00, // ................ 2B80
0x00, 0x00, 0x00, 0x00, 0x00, 0x00, 0x00, 0x00, 0x00, 0x00, 0x00, 0x00, 0x00, 0x00, 0x00, 0x00, // ................ 2B90
0x00, 0x00, 0x00, 0x00, 0x00, 0x00, 0x00, 0x00, 0x00, 0x00, 0x00, 0x00, 0x00, 0x00, 0x00, 0x00, // ................ 2BA0
0x00, 0x00, 0x00, 0x00, 0x00, 0x00, 0x00, 0x00, 0x00, 0x00, 0x00, 0x00, 0x00, 0x00, 0x00, 0x00, // ................ 2BB0
0x00, 0x00, 0x00, 0x00, 0x00, 0x00, 0x00, 0x00, 0x00, 0x00, 0x00, 0x00, 0x00, 0x00, 0x00, 0x00, // ................ 2BC0
0x00, 0x00, 0x00, 0x00, 0x00, 0x00, 0x00, 0x00, 0x00, 0x00, 0x00, 0x00, 0x00, 0x00, 0x00, 0x00, // ................ 2BD0
0x00, 0x00, 0x00, 0x00, 0x00, 0x00, 0x00, 0x00, 0x00, 0x00, 0x00, 0x00, 0x00, 0x00, 0x00, 0x00, // ................ 2BE0
0x00, 0x00, 0x00, 0x00, 0x00, 0x00, 0x00, 0x00, 0x00, 0x00, 0x00, 0x00, 0x00, 0x00, 0x00, 0x00, // ................ 2BF0
0x00, 0x00, 0x00, 0x00, 0x00, 0x00, 0x00, 0x00, 0x00, 0x00, 0x00, 0x00, 0x00, 0x00, 0x00, 0x00, // ................ 2C00
0x00, 0x00, 0x00, 0x00, 0x00, 0x00, 0x00, 0x00, 0x00, 0x00, 0x00, 0x00, 0x00, 0x00, 0x00, 0x00, // ................ 2C10
0x00, 0x00, 0x00, 0x00, 0x00, 0x00, 0x00, 0x00, 0x00, 0x00, 0x00, 0x00, 0x00, 0x00, 0x00, 0x00, // ................ 2C20
0x00, 0x00, 0x00, 0x00, 0x00, 0x00, 0x00, 0x00, 0x00, 0x00, 0x00, 0x00, 0x00, 0x00, 0x00, 0x00, // ................ 2C30
0x00, 0x00, 0x00, 0x00, 0x00, 0x00, 0x00, 0x00, 0x00, 0x00, 0x00, 0x00, 0x00, 0x00, 0x00, 0x00, // ................ 2C40
0x00, 0x00, 0x00, 0x00, 0x00, 0x00, 0x00, 0x00, 0x00, 0x00, 0x00, 0x00, 0x00, 0x00, 0x00, 0x00, // ................ 2C50
0x00, 0x00, 0x00, 0x00, 0x00, 0x00, 0x00, 0x00, 0x00, 0x00, 0x00, 0x00, 0x00, 0x00, 0x00, 0x00, // ................ 2C60
0x00, 0x00, 0x00, 0x00, 0x00, 0x00, 0x00, 0x00, 0x00, 0x00, 0x00, 0x00, 0x00, 0x00, 0x00, 0x00, // ................ 2C70
0x00, 0x00, 0x00, 0x00, 0x00, 0x00, 0x00, 0x00, 0x00, 0x00, 0x00, 0x00, 0x00, 0x00, 0x00, 0x00, // ................ 2C80
0x00, 0x00, 0x00, 0x00, 0x00, 0x00, 0x00, 0x00, 0x00, 0x00, 0x00, 0x00, 0x00, 0x00, 0x00, 0x00, // ................ 2C90
0x00, 0x00, 0x00, 0x00, 0x00, 0x00, 0x00, 0x00, 0x00, 0x00, 0x00, 0x00, 0x00, 0x00, 0x00, 0x00, // ................ 2CA0
0x00, 0x00, 0x00, 0x00, 0x00, 0x00, 0x00, 0x00, 0x00, 0x00, 0x00, 0x00, 0x00, 0x00, 0x00, 0x00, // ................ 2CB0
0x00, 0x00, 0x00, 0x00, 0x00, 0x00, 0x00, 0x00, 0x00, 0x00, 0x00, 0x00, 0x00, 0x00, 0x00, 0x00, // ................ 2CC0
0x00, 0x00, 0x00, 0x00, 0x00, 0x00, 0x00, 0x00, 0x00, 0x00, 0x00, 0x00, 0x00, 0x00, 0x00, 0x00, // ................ 2CD0
0x00, 0x00, 0x00, 0x00, 0x00, 0x00, 0x00, 0x00, 0x00, 0x00, 0x00, 0x00, 0x00, 0x00, 0x00, 0x00, // ................ 2CE0
0x00, 0x00, 0x00, 0x00, 0x00, 0x00, 0x00, 0x00, 0x00, 0x00, 0x00, 0x00, 0x00, 0x00, 0x00, 0x00, // ................ 2CF0
0x00, 0x00, 0x00, 0x00, 0x00, 0x00, 0x00, 0x00, 0x00, 0x00, 0x00, 0x00, 0x00, 0x00, 0x00, 0x00, // ................ 2D00
0x00, 0x00, 0x00, 0x00, 0x00, 0x00, 0x00, 0x00, 0x00, 0x00, 0x00, 0x00, 0x00, 0x00, 0x00, 0x00, // ................ 2D10
0x00, 0x00, 0x00, 0x00, 0x00, 0x00, 0x00, 0x00, 0x00, 0x00, 0x00, 0x00, 0x00, 0x00, 0x00, 0x00, // ................ 2D20
0x00, 0x00, 0x00, 0x00, 0x00, 0x00, 0x00, 0x00, 0x00, 0x00, 0x00, 0x00, 0x00, 0x00, 0x00, 0x00, // ................ 2D30
0x00, 0x00, 0x00, 0x00, 0x00, 0x00, 0x00, 0x00, 0x00, 0x00, 0x00, 0x00, 0x00, 0x00, 0x00, 0x00, // ................ 2D40
0x00, 0x00, 0x00, 0x00, 0x00, 0x00, 0x00, 0x00, 0x00, 0x00, 0x00, 0x00, 0x00, 0x00, 0x00, 0x00, // ................ 2D50
0x00, 0x00, 0x00, 0x00, 0x00, 0x00, 0x00, 0x00, 0x00, 0x00, 0x00, 0x00, 0x00, 0x00, 0x00, 0x00, // ................ 2D60
0x00, 0x00, 0x00, 0x00, 0x00, 0x00, 0x00, 0x00, 0x00, 0x00, 0x00, 0x00, 0x00, 0x00, 0x00, 0x00, // ................ 2D70
0x00, 0x00, 0x00, 0x00, 0x00, 0x00, 0x00, 0x00, 0x00, 0x00, 0x00, 0x00, 0x00, 0x00, 0x00, 0x00, // ................ 2D80
0x00, 0x00, 0x00, 0x00, 0x00, 0x00, 0x00, 0x00, 0x00, 0x00, 0x00, 0x00, 0x00, 0x00, 0x00, 0x00, // ................ 2D90
0x00, 0x00, 0x00, 0x00, 0x00, 0x00, 0x00, 0x00, 0x00, 0x00, 0x00, 0x00, 0x00, 0x00, 0x00, 0x00, // ................ 2DA0
0x00, 0x00, 0x00, 0x00, 0x00, 0x00, 0x00, 0x00, 0x00, 0x00, 0x00, 0x00, 0x00, 0x00, 0x00, 0x00, // ................ 2DB0
0x00, 0x00, 0x00, 0x00, 0x00, 0x00, 0x00, 0x00, 0x00, 0x00, 0x00, 0x00, 0x00, 0x00, 0x00, 0x00, // ................ 2DC0
0x00, 0x00, 0x00, 0x00, 0x00, 0x00, 0x00, 0x00, 0x00, 0x00, 0x00, 0x00, 0x00, 0x00, 0x00, 0x00, // ................ 2DD0
0x00, 0x00, 0x00, 0x00, 0x00, 0x00, 0x00, 0x00, 0x00, 0x00, 0x00, 0x00, 0x00, 0x00, 0x00, 0x00, // ................ 2DE0
0x00, 0x00, 0x00, 0x00, 0x00, 0x00, 0x00, 0x00, 0x00, 0x00, 0x00, 0x00, 0x00, 0x00, 0x00, 0x00, // ................ 2DF0
0x00, 0x00, 0x00, 0x00, 0x00, 0x00, 0x00, 0x00, 0x00, 0x00, 0x00, 0x00, 0x00, 0x00, 0x00, 0x00, // ................ 2E00
0x00, 0x00, 0x00, 0x00, 0x00, 0x00, 0x00, 0x00, 0x00, 0x00, 0x00, 0x00, 0x00, 0x00, 0x00, 0x00, // ................ 2E10
0x00, 0x00, 0x00, 0x00, 0x00, 0x00, 0x00, 0x00, 0x00, 0x00, 0x00, 0x00, 0x00, 0x00, 0x00, 0x00, // ................ 2E20
0x00, 0x00, 0x00, 0x00, 0x00, 0x00, 0x00, 0x00, 0x00, 0x00, 0x00, 0x00, 0x00, 0x00, 0x00, 0x00, // ................ 2E30
0x00, 0x00, 0x00, 0x00, 0x00, 0x00, 0x00, 0x00, 0x00, 0x00, 0x00, 0x00, 0x00, 0x00, 0x00, 0x00, // ................ 2E40
0x00, 0x00, 0x00, 0x00, 0x00, 0x00, 0x00, 0x00, 0x00, 0x00, 0x00, 0x00, 0x00, 0x00, 0x00, 0x00, // ................ 2E50
0x00, 0x00, 0x00, 0x00, 0x00, 0x00, 0x00, 0x00, 0x00, 0x00, 0x00, 0x00, 0x00, 0x00, 0x00, 0x00, // ................ 2E60
0x00, 0x00, 0x00, 0x00, 0x00, 0x00, 0x00, 0x00, 0x00, 0x00, 0x00, 0x00, 0x00, 0x00, 0x00, 0x00, // ................ 2E70
0x00, 0x00, 0x00, 0x00, 0x00, 0x00, 0x00, 0x00, 0x00, 0x00, 0x00, 0x00, 0x00, 0x00, 0x00, 0x00, // ................ 2E80
0x00, 0x00, 0x00, 0x00, 0x00, 0x00, 0x00, 0x00, 0x00, 0x00, 0x00, 0x00, 0x00, 0x00, 0x00, 0x00, // ................ 2E90
0x00, 0x00, 0x00, 0x00, 0x00, 0x00, 0x00, 0x00, 0x00, 0x00, 0x00, 0x00, 0x00, 0x00, 0x00, 0x00, // ................ 2EA0
0x00, 0x00, 0x00, 0x00, 0x00, 0x00, 0x00, 0x00, 0x00, 0x00, 0x00, 0x00, 0x00, 0x00, 0x00, 0x00, // ................ 2EB0
0x00, 0x00, 0x00, 0x00, 0x00, 0x00, 0x00, 0x00, 0x00, 0x00, 0x00, 0x00, 0x00, 0x00, 0x00, 0x00, // ................ 2EC0
0x00, 0x00, 0x00, 0x00, 0x00, 0x00, 0x00, 0x00, 0x00, 0x00, 0x00, 0x00, 0x00, 0x00, 0x00, 0x00, // ................ 2ED0
0x00, 0x00, 0x00, 0x00, 0x00, 0x00, 0x00, 0x00, 0x00, 0x00, 0x00, 0x00, 0x00, 0x00, 0x00, 0x00, // ................ 2EE0
0x00, 0x00, 0x00, 0x00, 0x00, 0x00, 0x00, 0x00, 0x00, 0x00, 0x00, 0x00, 0x00, 0x00, 0x00, 0x00, // ................ 2EF0
0x00, 0x00, 0x00, 0x00, 0x00, 0x00, 0x00, 0x00, 0x00, 0x00, 0x00, 0x00, 0x00, 0x00, 0x00, 0x00, // ................ 2F00
0x00, 0x00, 0x00, 0x00, 0x00, 0x00, 0x00, 0x00, 0x00, 0x00, 0x00, 0x00, 0x00, 0x00, 0x00, 0x00, // ................ 2F10
0x00, 0x00, 0x00, 0x00, 0x00, 0x00, 0x00, 0x00, 0x00, 0x00, 0x00, 0x00, 0x00, 0x00, 0x00, 0x00, // ................ 2F20
0x00, 0x00, 0x00, 0x00, 0x00, 0x00, 0x00, 0x00, 0x00, 0x00, 0x00, 0x00, 0x00, 0x00, 0x00, 0x00, // ................ 2F30
0x00, 0x00, 0x00, 0x00, 0x00, 0x00, 0x00, 0x00, 0x00, 0x00, 0x00, 0x00, 0x00, 0x00, 0x00, 0x00, // ................ 2F40
0x00, 0x00, 0x00, 0x00, 0x00, 0x00, 0x00, 0x00, 0x00, 0x00, 0x00, 0x00, 0x00, 0x00, 0x00, 0x00, // ................ 2F50
0x00, 0x00, 0x00, 0x00, 0x00, 0x00, 0x00, 0x00, 0x00, 0x00, 0x00, 0x00, 0x00, 0x00, 0x00, 0x00, // ................ 2F60
0x00, 0x00, 0x00, 0x00, 0x00, 0x00, 0x00, 0x00, 0x00, 0x00, 0x00, 0x00, 0x00, 0x00, 0x00, 0x00, // ................ 2F70
0x00, 0x00, 0x00, 0x00, 0x00, 0x00, 0x00, 0x00, 0x00, 0x00, 0x00, 0x00, 0x00, 0x00, 0x00, 0x00, // ................ 2F80
0x00, 0x00, 0x00, 0x00, 0x00, 0x00, 0x00, 0x00, 0x00, 0x00, 0x00, 0x00, 0x00, 0x00, 0x00, 0x00, // ................ 2F90
0x00, 0x00, 0x00, 0x00, 0x00, 0x00, 0x00, 0x00, 0x00, 0x00, 0x00, 0x00, 0x00, 0x00, 0x00, 0x00, // ................ 2FA0
0x00, 0x00, 0x00, 0x00, 0x00, 0x00, 0x00, 0x00, 0x00, 0x00, 0x00, 0x00, 0x00, 0x00, 0x00, 0x00, // ................ 2FB0
0x00, 0x00, 0x00, 0x00, 0x00, 0x00, 0x00, 0x00, 0x00, 0x00, 0x00, 0x00, 0x00, 0x00, 0x00, 0x00, // ................ 2FC0
0x00, 0x00, 0x00, 0x00, 0x00, 0x00, 0x00, 0x00, 0x00, 0x00, 0x00, 0x00, 0x00, 0x00, 0x00, 0x00, // ................ 2FD0
0x00, 0x00, 0x00, 0x00, 0x00, 0x00, 0x00, 0x00, 0x00, 0x00, 0x00, 0x00, 0x00, 0x00, 0x00, 0x00, // ................ 2FE0
0x00, 0x00, 0x00, 0x00, 0x00, 0x00, 0x00, 0x00, 0x00, 0x00, 0x00, 0x00, 0x00, 0x00, 0x00, 0x00, // ................ 2FF0
0x00, 0x00, 0x00, 0x00, 0x00, 0x00, 0x00, 0x00, 0x00, 0x00, 0x00, 0x00, 0x00, 0x00, 0x00, 0x00, // ................ 3000
0x00, 0x00, 0x00, 0x00, 0x00, 0x00, 0x00, 0x00, 0x00, 0x00, 0x00, 0x00, 0x00, 0x00, 0x00, 0x00, // ................ 3010
0x00, 0x00, 0x00, 0x00, 0x00, 0x00, 0x00, 0x00, 0x00, 0x00, 0x00, 0x00, 0x00, 0x00, 0x00, 0x00, // ................ 3020
0x00, 0x00, 0x00, 0x00, 0x00, 0x00, 0x00, 0x00, 0x00, 0x00, 0x00, 0x00, 0x00, 0x00, 0x00, 0x00, // ................ 3030
0x00, 0x00, 0x00, 0x00, 0x00, 0x00, 0x00, 0x00, 0x00, 0x00, 0x00, 0x00, 0x00, 0x00, 0x00, 0x00, // ................ 3040
0x00, 0x00, 0x00, 0x00, 0x00, 0x00, 0x00, 0x00, 0x00, 0x00, 0x00, 0x00, 0x00, 0x00, 0x00, 0x00, // ................ 3050
0x00, 0x00, 0x00, 0x00, 0x00, 0x00, 0x00, 0x00, 0x00, 0x00, 0x00, 0x00, 0x00, 0x00, 0x00, 0x00, // ................ 3060
0x00, 0x00, 0x00, 0x00, 0x00, 0x00, 0x00, 0x00, 0x00, 0x00, 0x00, 0x00, 0x00, 0x00, 0x00, 0x00, // ................ 3070
0x00, 0x00, 0x00, 0x00, 0x00, 0x00, 0x00, 0x00, 0x00, 0x00, 0x00, 0x00, 0x00, 0x00, 0x00, 0x00, // ................ 3080
0x00, 0x00, 0x00, 0x00, 0x00, 0x00, 0x00, 0x00, 0x00, 0x00, 0x00, 0x00, 0x00, 0x00, 0x00, 0x00, // ................ 3090
0x00, 0x00, 0x00, 0x00, 0x00, 0x00, 0x00, 0x00, 0x00, 0x00, 0x00, 0x00, 0x00, 0x00, 0x00, 0x00, // ................ 30A0
0x00, 0x00, 0x00, 0x00, 0x00, 0x00, 0x00, 0x00, 0x00, 0x00, 0x00, 0x00, 0x00, 0x00, 0x00, 0x00, // ................ 30B0
0x00, 0x00, 0x00, 0x00, 0x00, 0x00, 0x00, 0x00, 0x00, 0x00, 0x00, 0x00, 0x00, 0x00, 0x00, 0x00, // ................ 30C0
0x00, 0x00, 0x00, 0x00, 0x00, 0x00, 0x00, 0x00, 0x00, 0x00, 0x00, 0x00, 0x00, 0x00, 0x00, 0x00, // ................ 30D0
0x00, 0x00, 0x00, 0x00, 0x00, 0x00, 0x00, 0x00, 0x00, 0x00, 0x00, 0x00, 0x00, 0x00, 0x00, 0x00, // ................ 30E0
0x00, 0x00, 0x00, 0x00, 0x00, 0x00, 0x00, 0x00, 0x00, 0x00, 0x00, 0x00, 0x00, 0x00, 0x00, 0x00, // ................ 30F0
0x00, 0x00, 0x00, 0x00, 0x00, 0x00, 0x00, 0x00, 0x00, 0x00, 0x00, 0x00, 0x00, 0x00, 0x00, 0x00, // ................ 3100
0x00, 0x00, 0x00, 0x00, 0x00, 0x00, 0x00, 0x00, 0x00, 0x00, 0x00, 0x00, 0x00, 0x00, 0x00, 0x00, // ................ 3110
0x00, 0x00, 0x00, 0x00, 0x00, 0x00, 0x00, 0x00, 0x00, 0x00, 0x00, 0x00, 0x00, 0x00, 0x00, 0x00, // ................ 3120
0x00, 0x00, 0x00, 0x00, 0x00, 0x00, 0x00, 0x00, 0x00, 0x00, 0x00, 0x00, 0x00, 0x00, 0x00, 0x00, // ................ 3130
0x00, 0x00, 0x00, 0x00, 0x00, 0x00, 0x00, 0x00, 0x00, 0x00, 0x00, 0x00, 0x00, 0x00, 0x00, 0x00, // ................ 3140
0x00, 0x00, 0x00, 0x00, 0x00, 0x00, 0x00, 0x00, 0x00, 0x00, 0x00, 0x00, 0x00, 0x00, 0x00, 0x00, // ................ 3150
0x00, 0x00, 0x00, 0x00, 0x00, 0x00, 0x00, 0x00, 0x00, 0x00, 0x00, 0x00, 0x00, 0x00, 0x00, 0x00, // ................ 3160
0x00, 0x00, 0x00, 0x00, 0x00, 0x00, 0x00, 0x00, 0x00, 0x00, 0x00, 0x00, 0x00, 0x00, 0x00, 0x00, // ................ 3170
0x00, 0x00, 0x00, 0x00, 0x00, 0x00, 0x00, 0x00, 0x00, 0x00, 0x00, 0x00, 0x00, 0x00, 0x00, 0x00, // ................ 3180
0x00, 0x00, 0x00, 0x00, 0x00, 0x00, 0x00, 0x00, 0x00, 0x00, 0x00, 0x00, 0x00, 0x00, 0x00, 0x00, // ................ 3190
0x00, 0x00, 0x00, 0x00, 0x00, 0x00, 0x00, 0x00, 0x00, 0x00, 0x00, 0x00, 0x00, 0x00, 0x00, 0x00, // ................ 31A0
0x00, 0x00, 0x00, 0x00, 0x00, 0x00, 0x00, 0x00, 0x00, 0x00, 0x00, 0x00, 0x00, 0x00, 0x00, 0x00, // ................ 31B0
0x00, 0x00, 0x00, 0x00, 0x00, 0x00, 0x00, 0x00, 0x00, 0x00, 0x00, 0x00, 0x00, 0x00, 0x00, 0x00, // ................ 31C0
0x00, 0x00, 0x00, 0x00, 0x00, 0x00, 0x00, 0x00, 0x00, 0x00, 0x00, 0x00, 0x00, 0x00, 0x00, 0x00, // ................ 31D0
0x00, 0x00, 0x00, 0x00, 0x00, 0x00, 0x00, 0x00, 0x00, 0x00, 0x00, 0x00, 0x00, 0x00, 0x00, 0x00, // ................ 31E0
0x00, 0x00, 0x00, 0x00, 0x00, 0x00, 0x00, 0x00, 0x00, 0x00, 0x00, 0x00, 0x00, 0x00, 0x00, 0x00, // ................ 31F0
0x00, 0x00, 0x00, 0x00, 0x00, 0x00, 0x00, 0x00, 0x00, 0x00, 0x00, 0x00, 0x00, 0x00, 0x00, 0x00, // ................ 3200
0x00, 0x00, 0x00, 0x00, 0x00, 0x00, 0x00, 0x00, 0x00, 0x00, 0x00, 0x00, 0x00, 0x00, 0x00, 0x00, // ................ 3210
0x00, 0x00, 0x00, 0x00, 0x00, 0x00, 0x00, 0x00, 0x00, 0x00, 0x00, 0x00, 0x00, 0x00, 0x00, 0x00, // ................ 3220
0x00, 0x00, 0x00, 0x00, 0x00, 0x00, 0x00, 0x00, 0x00, 0x00, 0x00, 0x00, 0x00, 0x00, 0x00, 0x00, // ................ 3230
0x00, 0x00, 0x00, 0x00, 0x00, 0x00, 0x00, 0x00, 0x00, 0x00, 0x00, 0x00, 0x00, 0x00, 0x00, 0x00, // ................ 3240
0x00, 0x00, 0x00, 0x00, 0x00, 0x00, 0x00, 0x00, 0x00, 0x00, 0x00, 0x00, 0x00, 0x00, 0x00, 0x00, // ................ 3250
0x00, 0x00, 0x00, 0x00, 0x00, 0x00, 0x00, 0x00, 0x00, 0x00, 0x00, 0x00, 0x00, 0x00, 0x00, 0x00, // ................ 3260
0x00, 0x00, 0x00, 0x00, 0x00, 0x00, 0x00, 0x00, 0x00, 0x00, 0x00, 0x00, 0x00, 0x00, 0x00, 0x00, // ................ 3270
0x00, 0x00, 0x00, 0x00, 0x00, 0x00, 0x00, 0x00, 0x00, 0x00, 0x00, 0x00, 0x00, 0x00, 0x00, 0x00, // ................ 3280
0x00, 0x00, 0x00, 0x00, 0x00, 0x00, 0x00, 0x00, 0x00, 0x00, 0x00, 0x00, 0x00, 0x00, 0x00, 0x00, // ................ 3290
0x00, 0x00, 0x00, 0x00, 0x00, 0x00, 0x00, 0x00, 0x00, 0x00, 0x00, 0x00, 0x00, 0x00, 0x00, 0x00, // ................ 32A0
0x00, 0x00, 0x00, 0x00, 0x00, 0x00, 0x00, 0x00, 0x00, 0x00, 0x00, 0x00, 0x00, 0x00, 0x00, 0x00, // ................ 32B0
0x00, 0x00, 0x00, 0x00, 0x00, 0x00, 0x00, 0x00, 0x00, 0x00, 0x00, 0x00, 0x00, 0x00, 0x00, 0x00, // ................ 32C0
0x00, 0x00, 0x00, 0x00, 0x00, 0x00, 0x00, 0x00, 0x00, 0x00, 0x00, 0x00, 0x00, 0x00, 0x00, 0x00, // ................ 32D0
0x00, 0x00, 0x00, 0x00, 0x00, 0x00, 0x00, 0x00, 0x00, 0x00, 0x00, 0x00, 0x00, 0x00, 0x00, 0x00, // ................ 32E0
0x00, 0x00, 0x00, 0x00, 0x00, 0x00, 0x00, 0x00, 0x00, 0x00, 0x00, 0x00, 0x00, 0x00, 0x00, 0x00, // ................ 32F0
0x00, 0x00, 0x00, 0x00, 0x00, 0x00, 0x00, 0x00, 0x00, 0x00, 0x00, 0x00, 0x00, 0x00, 0x00, 0x00, // ................ 3300
0x00, 0x00, 0x00, 0x00, 0x00, 0x00, 0x00, 0x00, 0x00, 0x00, 0x00, 0x00, 0x00, 0x00, 0x00, 0x00, // ................ 3310
0x00, 0x00, 0x00, 0x00, 0x00, 0x00, 0x00, 0x00, 0x00, 0x00, 0x00, 0x00, 0x00, 0x00, 0x00, 0x00, // ................ 3320
0x00, 0x00, 0x00, 0x00, 0x00, 0x00, 0x00, 0x00, 0x00, 0x00, 0x00, 0x00, 0x00, 0x00, 0x00, 0x00, // ................ 3330
0x00, 0x00, 0x00, 0x00, 0x00, 0x00, 0x00, 0x00, 0x00, 0x00, 0x00, 0x00, 0x00, 0x00, 0x00, 0x00, // ................ 3340
0x00, 0x00, 0x00, 0x00, 0x00, 0x00, 0x00, 0x00, 0x00, 0x00, 0x00, 0x00, 0x00, 0x00, 0x00, 0x00, // ................ 3350
0x00, 0x00, 0x00, 0x00, 0x00, 0x00, 0x00, 0x00, 0x00, 0x00, 0x00, 0x00, 0x00, 0x00, 0x00, 0x00, // ................ 3360
0x00, 0x00, 0x00, 0x00, 0x00, 0x00, 0x00, 0x00, 0x00, 0x00, 0x00, 0x00, 0x00, 0x00, 0x00, 0x00, // ................ 3370
0x00, 0x00, 0x00, 0x00, 0x00, 0x00, 0x00, 0x00, 0x00, 0x00, 0x00, 0x00, 0x00, 0x00, 0x00, 0x00, // ................ 3380
0x00, 0x00, 0x00, 0x00, 0x00, 0x00, 0x00, 0x00, 0x00, 0x00, 0x00, 0x00, 0x00, 0x00, 0x00, 0x00, // ................ 3390
0x00, 0x00, 0x00, 0x00, 0x00, 0x00, 0x00, 0x00, 0x00, 0x00, 0x00, 0x00, 0x00, 0x00, 0x00, 0x00, // ................ 33A0
0x00, 0x00, 0x00, 0x00, 0x00, 0x00, 0x00, 0x00, 0x00, 0x00, 0x00, 0x00, 0x00, 0x00, 0x00, 0x00, // ................ 33B0
0x00, 0x00, 0x00, 0x00, 0x00, 0x00, 0x00, 0x00, 0x00, 0x00, 0x00, 0x00, 0x00, 0x00, 0x00, 0x00, // ................ 33C0
0x00, 0x00, 0x00, 0x00, 0x00, 0x00, 0x00, 0x00, 0x00, 0x00, 0x00, 0x00, 0x00, 0x00, 0x00, 0x00, // ................ 33D0
0x00, 0x00, 0x00, 0x00, 0x00, 0x00, 0x00, 0x00, 0x00, 0x00, 0x00, 0x00, 0x00, 0x00, 0x00, 0x00, // ................ 33E0
0x00, 0x00, 0x00, 0x00, 0x00, 0x00, 0x00, 0x00, 0x00, 0x00, 0x00, 0x00, 0x00, 0x00, 0x00, 0x00, // ................ 33F0
0x00, 0x00, 0x00, 0x00, 0x00, 0x00, 0x00, 0x00, 0x00, 0x00, 0x00, 0x00, 0x00, 0x00, 0x00, 0x00, // ................ 3400
0x00, 0x00, 0x00, 0x00, 0x00, 0x00, 0x00, 0x00, 0x00, 0x00, 0x00, 0x00, 0x00, 0x00, 0x00, 0x00, // ................ 3410
0x00, 0x00, 0x00, 0x00, 0x00, 0x00, 0x00, 0x00, 0x00, 0x00, 0x00, 0x00, 0x00, 0x00, 0x00, 0x00, // ................ 3420
0x00, 0x00, 0x00, 0x00, 0x00, 0x00, 0x00, 0x00, 0x00, 0x00, 0x00, 0x00, 0x00, 0x00, 0x00, 0x00, // ................ 3430
0x00, 0x00, 0x00, 0x00, 0x00, 0x00, 0x00, 0x00, 0x00, 0x00, 0x00, 0x00, 0x00, 0x00, 0x00, 0x00, // ................ 3440
0x00, 0x00, 0x00, 0x00, 0x00, 0x00, 0x00, 0x00, 0x00, 0x00, 0x00, 0x00, 0x00, 0x00, 0x00, 0x00, // ................ 3450
0x00, 0x00, 0x00, 0x00, 0x00, 0x00, 0x00, 0x00, 0x00, 0x00, 0x00, 0x00, 0x00, 0x00, 0x00, 0x00, // ................ 3460
0x00, 0x00, 0x00, 0x00, 0x00, 0x00, 0x00, 0x00, 0x00, 0x00, 0x00, 0x00, 0x00, 0x00, 0x00, 0x00, // ................ 3470
0x00, 0x00, 0x00, 0x00, 0x00, 0x00, 0x00, 0x00, 0x00, 0x00, 0x00, 0x00, 0x00, 0x00, 0x00, 0x00, // ................ 3480
0x00, 0x00, 0x00, 0x00, 0x00, 0x00, 0x00, 0x00, 0x00, 0x00, 0x00, 0x00, 0x00, 0x00, 0x00, 0x00, // ................ 3490
0x00, 0x00, 0x00, 0x00, 0x00, 0x00, 0x00, 0x00, 0x00, 0x00, 0x00, 0x00, 0x00, 0x00, 0x00, 0x00, // ................ 34A0
0x00, 0x00, 0x00, 0x00, 0x00, 0x00, 0x00, 0x00, 0x00, 0x00, 0x00, 0x00, 0x00, 0x00, 0x00, 0x00, // ................ 34B0
0x00, 0x00, 0x00, 0x00, 0x00, 0x00, 0x00, 0x00, 0x00, 0x00, 0x00, 0x00, 0x00, 0x00, 0x00, 0x00, // ................ 34C0
0x00, 0x00, 0x00, 0x00, 0x00, 0x00, 0x00, 0x00, 0x00, 0x00, 0x00, 0x00, 0x00, 0x00, 0x00, 0x00, // ................ 34D0
0x00, 0x00, 0x00, 0x00, 0x00, 0x00, 0x00, 0x00, 0x00, 0x00, 0x00, 0x00, 0x00, 0x00, 0x00, 0x00, // ................ 34E0
0x00, 0x00, 0x00, 0x00, 0x00, 0x00, 0x00, 0x00, 0x00, 0x00, 0x00, 0x00, 0x00, 0x00, 0x00, 0x00, // ................ 34F0
0x00, 0x00, 0x00, 0x00, 0x00, 0x00, 0x00, 0x00, 0x00, 0x00, 0x00, 0x00, 0x00, 0x00, 0x00, 0x00, // ................ 3500
0x00, 0x00, 0x00, 0x00, 0x00, 0x00, 0x00, 0x00, 0x00, 0x00, 0x00, 0x00, 0x00, 0x00, 0x00, 0x00, // ................ 3510
0x00, 0x00, 0x00, 0x00, 0x00, 0x00, 0x00, 0x00, 0x00, 0x00, 0x00, 0x00, 0x00, 0x00, 0x00, 0x00, // ................ 3520
0x00, 0x00, 0x00, 0x00, 0x00, 0x00, 0x00, 0x00, 0x00, 0x00, 0x00, 0x00, 0x00, 0x00, 0x00, 0x00, // ................ 3530
0x00, 0x00, 0x00, 0x00, 0x00, 0x00, 0x00, 0x00, 0x00, 0x00, 0x00, 0x00, 0x00, 0x00, 0x00, 0x00, // ................ 3540
0x00, 0x00, 0x00, 0x00, 0x00, 0x00, 0x00, 0x00, 0x00, 0x00, 0x00, 0x00, 0x00, 0x00, 0x00, 0x00, // ................ 3550
0x00, 0x00, 0x00, 0x00, 0x00, 0x00, 0x00, 0x00, 0x00, 0x00, 0x00, 0x00, 0x00, 0x00, 0x00, 0x00, // ................ 3560
0x00, 0x00, 0x00, 0x00, 0x00, 0x00, 0x00, 0x00, 0x00, 0x00, 0x00, 0x00, 0x00, 0x00, 0x00, 0x00, // ................ 3570
0x00, 0x00, 0x00, 0x00, 0x00, 0x00, 0x00, 0x00, 0x00, 0x00, 0x00, 0x00, 0x00, 0x00, 0x00, 0x00, // ................ 3580
0x00, 0x00, 0x00, 0x00, 0x00, 0x00, 0x00, 0x00, 0x00, 0x00, 0x00, 0x00, 0x00, 0x00, 0x00, 0x00, // ................ 3590
0x00, 0x00, 0x00, 0x00, 0x00, 0x00, 0x00, 0x00, 0x00, 0x00, 0x00, 0x00, 0x00, 0x00, 0x00, 0x00, // ................ 35A0
0x00, 0x00, 0x00, 0x00, 0x00, 0x00, 0x00, 0x00, 0x00, 0x00, 0x00, 0x00, 0x00, 0x00, 0x00, 0x00, // ................ 35B0
0x00, 0x00, 0x00, 0x00, 0x00, 0x00, 0x00, 0x00, 0x00, 0x00, 0x00, 0x00, 0x00, 0x00, 0x00, 0x00, // ................ 35C0
0x00, 0x00, 0x00, 0x00, 0x00, 0x00, 0x00, 0x00, 0x00, 0x00, 0x00, 0x00, 0x00, 0x00, 0x00, 0x00, // ................ 35D0
0x00, 0x00, 0x00, 0x00, 0x00, 0x00, 0x00, 0x00, 0x00, 0x00, 0x00, 0x00, 0x00, 0x00, 0x00, 0x00, // ................ 35E0
0x00, 0x00, 0x00, 0x00, 0x00, 0x00, 0x00, 0x00, 0x00, 0x00, 0x00, 0x00, 0x00, 0x00, 0x00, 0x00, // ................ 35F0
0x00, 0x00, 0x00, 0x00, 0x00, 0x00, 0x00, 0x00, 0x00, 0x00, 0x00, 0x00, 0x00, 0x00, 0x00, 0x00, // ................ 3600
0x00, 0x00, 0x00, 0x00, 0x00, 0x00, 0x00, 0x00, 0x00, 0x00, 0x00, 0x00, 0x00, 0x00, 0x00, 0x00, // ................ 3610
0x00, 0x00, 0x00, 0x00, 0x00, 0x00, 0x00, 0x00, 0x00, 0x00, 0x00, 0x00, 0x00, 0x00, 0x00, 0x00, // ................ 3620
0x00, 0x00, 0x00, 0x00, 0x00, 0x00, 0x00, 0x00, 0x00, 0x00, 0x00, 0x00, 0x00, 0x00, 0x00, 0x00, // ................ 3630
0x00, 0x00, 0x00, 0x00, 0x00, 0x00, 0x00, 0x00, 0x00, 0x00, 0x00, 0x00, 0x00, 0x00, 0x00, 0x00, // ................ 3640
0x00, 0x00, 0x00, 0x00, 0x00, 0x00, 0x00, 0x00, 0x00, 0x00, 0x00, 0x00, 0x00, 0x00, 0x00, 0x00, // ................ 3650
0x00, 0x00, 0x00, 0x00, 0x00, 0x00, 0x00, 0x00, 0x00, 0x00, 0x00, 0x00, 0x00, 0x00, 0x00, 0x00, // ................ 3660
0x00, 0x00, 0x00, 0x00, 0x00, 0x00, 0x00, 0x00, 0x00, 0x00, 0x00, 0x00, 0x00, 0x00, 0x00, 0x00, // ................ 3670
0x00, 0x00, 0x00, 0x00, 0x00, 0x00, 0x00, 0x00, 0x00, 0x00, 0x00, 0x00, 0x00, 0x00, 0x00, 0x00, // ................ 3680
0x00, 0x00, 0x00, 0x00, 0x00, 0x00, 0x00, 0x00, 0x00, 0x00, 0x00, 0x00, 0x00, 0x00, 0x00, 0x00, // ................ 3690
0x00, 0x00, 0x00, 0x00, 0x00, 0x00, 0x00, 0x00, 0x00, 0x00, 0x00, 0x00, 0x00, 0x00, 0x00, 0x00, // ................ 36A0
0x00, 0x00, 0x00, 0x00, 0x00, 0x00, 0x00, 0x00, 0x00, 0x00, 0x00, 0x00, 0x00, 0x00, 0x00, 0x00, // ................ 36B0
0x00, 0x00, 0x00, 0x00, 0x00, 0x00, 0x00, 0x00, 0x00, 0x00, 0x00, 0x00, 0x00, 0x00, 0x00, 0x00, // ................ 36C0
0x00, 0x00, 0x00, 0x00, 0x00, 0x00, 0x00, 0x00, 0x00, 0x00, 0x00, 0x00, 0x00, 0x00, 0x00, 0x00, // ................ 36D0
0x00, 0x00, 0x00, 0x00, 0x00, 0x00, 0x00, 0x00, 0x00, 0x00, 0x00, 0x00, 0x00, 0x00, 0x00, 0x00, // ................ 36E0
0x00, 0x00, 0x00, 0x00, 0x00, 0x00, 0x00, 0x00, 0x00, 0x00, 0x00, 0x00, 0x00, 0x00, 0x00, 0x00, // ................ 36F0
0x00, 0x00, 0x00, 0x00, 0x00, 0x00, 0x00, 0x00, 0x00, 0x00, 0x00, 0x00, 0x00, 0x00, 0x00, 0x00, // ................ 3700
0x00, 0x00, 0x00, 0x00, 0x00, 0x00, 0x00, 0x00, 0x00, 0x00, 0x00, 0x00, 0x00, 0x00, 0x00, 0x00, // ................ 3710
0x00, 0x00, 0x00, 0x00, 0x00, 0x00, 0x00, 0x00, 0x00, 0x00, 0x00, 0x00, 0x00, 0x00, 0x00, 0x00, // ................ 3720
0x00, 0x00, 0x00, 0x00, 0x00, 0x00, 0x00, 0x00, 0x00, 0x00, 0x00, 0x00, 0x00, 0x00, 0x00, 0x00, // ................ 3730
0x00, 0x00, 0x00, 0x00, 0x00, 0x00, 0x00, 0x00, 0x00, 0x00, 0x00, 0x00, 0x00, 0x00, 0x00, 0x00, // ................ 3740
0x00, 0x00, 0x00, 0x00, 0x00, 0x00, 0x00, 0x00, 0x00, 0x00, 0x00, 0x00, 0x00, 0x00, 0x00, 0x00, // ................ 3750
0x00, 0x00, 0x00, 0x00, 0x00, 0x00, 0x00, 0x00, 0x00, 0x00, 0x00, 0x00, 0x00, 0x00, 0x00, 0x00, // ................ 3760
0x00, 0x00, 0x00, 0x00, 0x00, 0x00, 0x00, 0x00, 0x00, 0x00, 0x00, 0x00, 0x00, 0x00, 0x00, 0x00, // ................ 3770
0x00, 0x00, 0x00, 0x00, 0x00, 0x00, 0x00, 0x00, 0x00, 0x00, 0x00, 0x00, 0x00, 0x00, 0x00, 0x00, // ................ 3780
0x00, 0x00, 0x00, 0x00, 0x00, 0x00, 0x00, 0x00, 0x00, 0x00, 0x00, 0x00, 0x00, 0x00, 0x00, 0x00, // ................ 3790
0x00, 0x00, 0x00, 0x00, 0x00, 0x00, 0x00, 0x00, 0x00, 0x00, 0x00, 0x00, 0x00, 0x00, 0x00, 0x00, // ................ 37A0
0x00, 0x00, 0x00, 0x00, 0x00, 0x00, 0x00, 0x00, 0x00, 0x00, 0x00, 0x00, 0x00, 0x00, 0x00, 0x00, // ................ 37B0
0x00, 0x00, 0x00, 0x00, 0x00, 0x00, 0x00, 0x00, 0x00, 0x00, 0x00, 0x00, 0x00, 0x00, 0x00, 0x00, // ................ 37C0
0x00, 0x00, 0x00, 0x00, 0x00, 0x00, 0x00, 0x00, 0x00, 0x00, 0x00, 0x00, 0x00, 0x00, 0x00, 0x00, // ................ 37D0
0x00, 0x00, 0x00, 0x00, 0x00, 0x00, 0x00, 0x00, 0x00, 0x00, 0x00, 0x00, 0x00, 0x00, 0x00, 0x00, // ................ 37E0
0x00, 0x00, 0x00, 0x00, 0x00, 0x00, 0x00, 0x00, 0x00, 0x00, 0x00, 0x00, 0x00, 0x00, 0x00, 0x00, // ................ 37F0
0x00, 0x00, 0x00, 0x00, 0x00, 0x00, 0x00, 0x00, 0x00, 0x00, 0x00, 0x00, 0x00, 0x00, 0x00, 0x00, // ................ 3800
0x00, 0x00, 0x00, 0x00, 0x00, 0x00, 0x00, 0x00, 0x00, 0x00, 0x00, 0x00, 0x00, 0x00, 0x00, 0x00, // ................ 3810
0x00, 0x00, 0x00, 0x00, 0x00, 0x00, 0x00, 0x00, 0x00, 0x00, 0x00, 0x00, 0x00, 0x00, 0x00, 0x00, // ................ 3820
0x00, 0x00, 0x00, 0x00, 0x00, 0x00, 0x00, 0x00, 0x00, 0x00, 0x00, 0x00, 0x00, 0x00, 0x00, 0x00, // ................ 3830
0x00, 0x00, 0x00, 0x00, 0x00, 0x00, 0x00, 0x00, 0x00, 0x00, 0x00, 0x00, 0x00, 0x00, 0x00, 0x00, // ................ 3840
0x00, 0x00, 0x00, 0x00, 0x00, 0x00, 0x00, 0x00, 0x00, 0x00, 0x00, 0x00, 0x00, 0x00, 0x00, 0x00, // ................ 3850
0x00, 0x00, 0x00, 0x00, 0x00, 0x00, 0x00, 0x00, 0x00, 0x00, 0x00, 0x00, 0x00, 0x00, 0x00, 0x00, // ................ 3860
0x00, 0x00, 0x00, 0x00, 0x00, 0x00, 0x00, 0x00, 0x00, 0x00, 0x00, 0x00, 0x00, 0x00, 0x00, 0x00, // ................ 3870
0x00, 0x00, 0x00, 0x00, 0x00, 0x00, 0x00, 0x00, 0x00, 0x00, 0x00, 0x00, 0x00, 0x00, 0x00, 0x00, // ................ 3880
0x00, 0x00, 0x00, 0x00, 0x00, 0x00, 0x00, 0x00, 0x00, 0x00, 0x00, 0x00, 0x00, 0x00, 0x00, 0x00, // ................ 3890
0x00, 0x00, 0x00, 0x00, 0x00, 0x00, 0x00, 0x00, 0x00, 0x00, 0x00, 0x00, 0x00, 0x00, 0x00, 0x00, // ................ 38A0
0x00, 0x00, 0x00, 0x00, 0x00, 0x00, 0x00, 0x00, 0x00, 0x00, 0x00, 0x00, 0x00, 0x00, 0x00, 0x00, // ................ 38B0
0x00, 0x00, 0x00, 0x00, 0x00, 0x00, 0x00, 0x00, 0x00, 0x00, 0x00, 0x00, 0x00, 0x00, 0x00, 0x00, // ................ 38C0
0x00, 0x00, 0x00, 0x00, 0x00, 0x00, 0x00, 0x00, 0x00, 0x00, 0x00, 0x00, 0x00, 0x00, 0x00, 0x00, // ................ 38D0
0x00, 0x00, 0x00, 0x00, 0x00, 0x00, 0x00, 0x00, 0x00, 0x00, 0x00, 0x00, 0x00, 0x00, 0x00, 0x00, // ................ 38E0
0x00, 0x00, 0x00, 0x00, 0x00, 0x00, 0x00, 0x00, 0x00, 0x00, 0x00, 0x00, 0x00, 0x00, 0x00, 0x00, // ................ 38F0
0x00, 0x00, 0x00, 0x00, 0x00, 0x00, 0x00, 0x00, 0x00, 0x00, 0x00, 0x00, 0x00, 0x00, 0x00, 0x00, // ................ 3900
0x00, 0x00, 0x00, 0x00, 0x00, 0x00, 0x00, 0x00, 0x00, 0x00, 0x00, 0x00, 0x00, 0x00, 0x00, 0x00, // ................ 3910
0x00, 0x00, 0x00, 0x00, 0x00, 0x00, 0x00, 0x00, 0x00, 0x00, 0x00, 0x00, 0x00, 0x00, 0x00, 0x00, // ................ 3920
0x00, 0x00, 0x00, 0x00, 0x00, 0x00, 0x00, 0x00, 0x00, 0x00, 0x00, 0x00, 0x00, 0x00, 0x00, 0x00, // ................ 3930
0x00, 0x00, 0x00, 0x00, 0x00, 0x00, 0x00, 0x00, 0x00, 0x00, 0x00, 0x00, 0x00, 0x00, 0x00, 0x00, // ................ 3940
0x00, 0x00, 0x00, 0x00, 0x00, 0x00, 0x00, 0x00, 0x00, 0x00, 0x00, 0x00, 0x00, 0x00, 0x00, 0x00, // ................ 3950
0x00, 0x00, 0x00, 0x00, 0x00, 0x00, 0x00, 0x00, 0x00, 0x00, 0x00, 0x00, 0x00, 0x00, 0x00, 0x00, // ................ 3960
0x00, 0x00, 0x00, 0x00, 0x00, 0x00, 0x00, 0x00, 0x00, 0x00, 0x00, 0x00, 0x00, 0x00, 0x00, 0x00, // ................ 3970
0x00, 0x00, 0x00, 0x00, 0x00, 0x00, 0x00, 0x00, 0x00, 0x00, 0x00, 0x00, 0x00, 0x00, 0x00, 0x00, // ................ 3980
0x00, 0x00, 0x00, 0x00, 0x00, 0x00, 0x00, 0x00, 0x00, 0x00, 0x00, 0x00, 0x00, 0x00, 0x00, 0x00, // ................ 3990
0x00, 0x00, 0x00, 0x00, 0x00, 0x00, 0x00, 0x00, 0x00, 0x00, 0x00, 0x00, 0x00, 0x00, 0x00, 0x00, // ................ 39A0
0x00, 0x00, 0x00, 0x00, 0x00, 0x00, 0x00, 0x00, 0x00, 0x00, 0x00, 0x00, 0x00, 0x00, 0x00, 0x00, // ................ 39B0
0x00, 0x00, 0x00, 0x00, 0x00, 0x00, 0x00, 0x00, 0x00, 0x00, 0x00, 0x00, 0x00, 0x00, 0x00, 0x00, // ................ 39C0
0x00, 0x00, 0x00, 0x00, 0x00, 0x00, 0x00, 0x00, 0x00, 0x00, 0x00, 0x00, 0x00, 0x00, 0x00, 0x00, // ................ 39D0
0x00, 0x00, 0x00, 0x00, 0x00, 0x00, 0x00, 0x00, 0x00, 0x00, 0x00, 0x00, 0x00, 0x00, 0x00, 0x00, // ................ 39E0
0x00, 0x00, 0x00, 0x00, 0x00, 0x00, 0x00, 0x00, 0x00, 0x00, 0x00, 0x00, 0x00, 0x00, 0x00, 0x00, // ................ 39F0
0x00, 0x00, 0x00, 0x00, 0x00, 0x00, 0x00, 0x00, 0x00, 0x00, 0x00, 0x00, 0x00, 0x00, 0x00, 0x00, // ................ 3A00
0x00, 0x00, 0x00, 0x00, 0x00, 0x00, 0x00, 0x00, 0x00, 0x00, 0x00, 0x00, 0x00, 0x00, 0x00, 0x00, // ................ 3A10
0x00, 0x00, 0x00, 0x00, 0x00, 0x00, 0x00, 0x00, 0x00, 0x00, 0x00, 0x00, 0x00, 0x00, 0x00, 0x00, // ................ 3A20
0x00, 0x00, 0x00, 0x00, 0x00, 0x00, 0x00, 0x00, 0x00, 0x00, 0x00, 0x00, 0x00, 0x00, 0x00, 0x00, // ................ 3A30
0x00, 0x00, 0x00, 0x00, 0x00, 0x00, 0x00, 0x00, 0x00, 0x00, 0x00, 0x00, 0x00, 0x00, 0x00, 0x00, // ................ 3A40
0x00, 0x00, 0x00, 0x00, 0x00, 0x00, 0x00, 0x00, 0x00, 0x00, 0x00, 0x00, 0x00, 0x00, 0x00, 0x00, // ................ 3A50
0x00, 0x00, 0x00, 0x00, 0x00, 0x00, 0x00, 0x00, 0x00, 0x00, 0x00, 0x00, 0x00, 0x00, 0x00, 0x00, // ................ 3A60
0x00, 0x00, 0x00, 0x00, 0x00, 0x00, 0x00, 0x00, 0x00, 0x00, 0x00, 0x00, 0x00, 0x00, 0x00, 0x00, // ................ 3A70
0x00, 0x00, 0x00, 0x00, 0x00, 0x00, 0x00, 0x00, 0x00, 0x00, 0x00, 0x00, 0x00, 0x00, 0x00, 0x00, // ................ 3A80
0x00, 0x00, 0x00, 0x00, 0x00, 0x00, 0x00, 0x00, 0x00, 0x00, 0x00, 0x00, 0x00, 0x00, 0x00, 0x00, // ................ 3A90
0x00, 0x00, 0x00, 0x00, 0x00, 0x00, 0x00, 0x00, 0x00, 0x00, 0x00, 0x00, 0x00, 0x00, 0x00, 0x00, // ................ 3AA0
0x00, 0x00, 0x00, 0x00, 0x00, 0x00, 0x00, 0x00, 0x00, 0x00, 0x00, 0x00, 0x00, 0x00, 0x00, 0x00, // ................ 3AB0
0x00, 0x00, 0x00, 0x00, 0x00, 0x00, 0x00, 0x00, 0x00, 0x00, 0x00, 0x00, 0x00, 0x00, 0x00, 0x00, // ................ 3AC0
0x00, 0x00, 0x00, 0x00, 0x00, 0x00, 0x00, 0x00, 0x00, 0x00, 0x00, 0x00, 0x00, 0x00, 0x00, 0x00, // ................ 3AD0
0x00, 0x00, 0x00, 0x00, 0x00, 0x00, 0x00, 0x00, 0x00, 0x00, 0x00, 0x00, 0x00, 0x00, 0x00, 0x00, // ................ 3AE0
0x00, 0x00, 0x00, 0x00, 0x00, 0x00, 0x00, 0x00, 0x00, 0x00, 0x00, 0x00, 0x00, 0x00, 0x00, 0x00, // ................ 3AF0
0x00, 0x00, 0x00, 0x00, 0x00, 0x00, 0x00, 0x00, 0x00, 0x00, 0x00, 0x00, 0x00, 0x00, 0x00, 0x00, // ................ 3B00
0x00, 0x00, 0x00, 0x00, 0x00, 0x00, 0x00, 0x00, 0x00, 0x00, 0x00, 0x00, 0x00, 0x00, 0x00, 0x00, // ................ 3B10
0x00, 0x00, 0x00, 0x00, 0x00, 0x00, 0x00, 0x00, 0x00, 0x00, 0x00, 0x00, 0x00, 0x00, 0x00, 0x00, // ................ 3B20
0x00, 0x00, 0x00, 0x00, 0x00, 0x00, 0x00, 0x00, 0x00, 0x00, 0x00, 0x00, 0x00, 0x00, 0x00, 0x00, // ................ 3B30
0x00, 0x00, 0x00, 0x00, 0x00, 0x00, 0x00, 0x00, 0x00, 0x00, 0x00, 0x00, 0x00, 0x00, 0x00, 0x00, // ................ 3B40
0x00, 0x00, 0x00, 0x00, 0x00, 0x00, 0x00, 0x00, 0x00, 0x00, 0x00, 0x00, 0x00, 0x00, 0x00, 0x00, // ................ 3B50
0x00, 0x00, 0x00, 0x00, 0x00, 0x00, 0x00, 0x00, 0x00, 0x00, 0x00, 0x00, 0x00, 0x00, 0x00, 0x00, // ................ 3B60
0x00, 0x00, 0x00, 0x00, 0x00, 0x00, 0x00, 0x00, 0x00, 0x00, 0x00, 0x00, 0x00, 0x00, 0x00, 0x00, // ................ 3B70
0x00, 0x00, 0x00, 0x00, 0x00, 0x00, 0x00, 0x00, 0x00, 0x00, 0x00, 0x00, 0x00, 0x00, 0x00, 0x00, // ................ 3B80
0x00, 0x00, 0x00, 0x00, 0x00, 0x00, 0x00, 0x00, 0x00, 0x00, 0x00, 0x00, 0x00, 0x00, 0x00, 0x00, // ................ 3B90
0x00, 0x00, 0x00, 0x00, 0x00, 0x00, 0x00, 0x00, 0x00, 0x00, 0x00, 0x00, 0x00, 0x00, 0x00, 0x00, // ................ 3BA0
0x00, 0x00, 0x00, 0x00, 0x00, 0x00, 0x00, 0x00, 0x00, 0x00, 0x00, 0x00, 0x00, 0x00, 0x00, 0x00, // ................ 3BB0
0x00, 0x00, 0x00, 0x00, 0x00, 0x00, 0x00, 0x00, 0x00, 0x00, 0x00, 0x00, 0x00, 0x00, 0x00, 0x00, // ................ 3BC0
0x00, 0x00, 0x00, 0x00, 0x00, 0x00, 0x00, 0x00, 0x00, 0x00, 0x00, 0x00, 0x00, 0x00, 0x00, 0x00, // ................ 3BD0
0x00, 0x00, 0x00, 0x00, 0x00, 0x00, 0x00, 0x00, 0x00, 0x00, 0x00, 0x00, 0x00, 0x00, 0x00, 0x00, // ................ 3BE0
0x00, 0x00, 0x00, 0x00, 0x00, 0x00, 0x00, 0x00, 0x00, 0x00, 0x00, 0x00, 0x00, 0x00, 0x00, 0x00, // ................ 3BF0
0x00, 0x00, 0x00, 0x00, 0x00, 0x00, 0x00, 0x00, 0x00, 0x00, 0x00, 0x00, 0x00, 0x00, 0x00, 0x00, // ................ 3C00
0x00, 0x00, 0x00, 0x00, 0x00, 0x00, 0x00, 0x00, 0x00, 0x00, 0x00, 0x00, 0x00, 0x00, 0x00, 0x00, // ................ 3C10
0x00, 0x00, 0x00, 0x00, 0x00, 0x00, 0x00, 0x00, 0x00, 0x00, 0x00, 0x00, 0x00, 0x00, 0x00, 0x00, // ................ 3C20
0x00, 0x00, 0x00, 0x00, 0x00, 0x00, 0x00, 0x00, 0x00, 0x00, 0x00, 0x00, 0x00, 0x00, 0x00, 0x00, // ................ 3C30
0x00, 0x00, 0x00, 0x00, 0x00, 0x00, 0x00, 0x00, 0x00, 0x00, 0x00, 0x00, 0x00, 0x00, 0x00, 0x00, // ................ 3C40
0x00, 0x00, 0x00, 0x00, 0x00, 0x00, 0x00, 0x00, 0x00, 0x00, 0x00, 0x00, 0x00, 0x00, 0x00, 0x00, // ................ 3C50
0x00, 0x00, 0x00, 0x00, 0x00, 0x00, 0x00, 0x00, 0x00, 0x00, 0x00, 0x00, 0x00, 0x00, 0x00, 0x00, // ................ 3C60
0x00, 0x00, 0x00, 0x00, 0x00, 0x00, 0x00, 0x00, 0x00, 0x00, 0x00, 0x00, 0x00, 0x00, 0x00, 0x00, // ................ 3C70
0x00, 0x00, 0x00, 0x00, 0x00, 0x00, 0x00, 0x00, 0x00, 0x00, 0x00, 0x00, 0x00, 0x00, 0x00, 0x00, // ................ 3C80
0x00, 0x00, 0x00, 0x00, 0x00, 0x00, 0x00, 0x00, 0x00, 0x00, 0x00, 0x00, 0x00, 0x00, 0x00, 0x00, // ................ 3C90
0x00, 0x00, 0x00, 0x00, 0x00, 0x00, 0x00, 0x00, 0x00, 0x00, 0x00, 0x00, 0x00, 0x00, 0x00, 0x00, // ................ 3CA0
0x00, 0x00, 0x00, 0x00, 0x00, 0x00, 0x00, 0x00, 0x00, 0x00, 0x00, 0x00, 0x00, 0x00, 0x00, 0x00, // ................ 3CB0
0x00, 0x00, 0x00, 0x00, 0x00, 0x00, 0x00, 0x00, 0x00, 0x00, 0x00, 0x00, 0x00, 0x00, 0x00, 0x00, // ................ 3CC0
0x00, 0x00, 0x00, 0x00, 0x00, 0x00, 0x00, 0x00, 0x00, 0x00, 0x00, 0x00, 0x00, 0x00, 0x00, 0x00, // ................ 3CD0
0x00, 0x00, 0x00, 0x00, 0x00, 0x00, 0x00, 0x00, 0x00, 0x00, 0x00, 0x00, 0x00, 0x00, 0x00, 0x00, // ................ 3CE0
0x00, 0x00, 0x00, 0x00, 0x00, 0x00, 0x00, 0x00, 0x00, 0x00, 0x00, 0x00, 0x00, 0x00, 0x00, 0x00, // ................ 3CF0
0x00, 0x00, 0x00, 0x00, 0x00, 0x00, 0x00, 0x00, 0x00, 0x00, 0x00, 0x00, 0x00, 0x00, 0x00, 0x00, // ................ 3D00
0x00, 0x00, 0x00, 0x00, 0x00, 0x00, 0x00, 0x00, 0x00, 0x00, 0x00, 0x00, 0x00, 0x00, 0x00, 0x00, // ................ 3D10
0x00, 0x00, 0x00, 0x00, 0x00, 0x00, 0x00, 0x00, 0x00, 0x00, 0x00, 0x00, 0x00, 0x00, 0x00, 0x00, // ................ 3D20
0x00, 0x00, 0x00, 0x00, 0x00, 0x00, 0x00, 0x00, 0x00, 0x00, 0x00, 0x00, 0x00, 0x00, 0x00, 0x00, // ................ 3D30
0x00, 0x00, 0x00, 0x00, 0x00, 0x00, 0x00, 0x00, 0x00, 0x00, 0x00, 0x00, 0x00, 0x00, 0x00, 0x00, // ................ 3D40
0x00, 0x00, 0x00, 0x00, 0x00, 0x00, 0x00, 0x00, 0x00, 0x00, 0x00, 0x00, 0x00, 0x00, 0x00, 0x00, // ................ 3D50
0x00, 0x00, 0x00, 0x00, 0x00, 0x00, 0x00, 0x00, 0x00, 0x00, 0x00, 0x00, 0x00, 0x00, 0x00, 0x00, // ................ 3D60
0x00, 0x00, 0x00, 0x00, 0x00, 0x00, 0x00, 0x00, 0x00, 0x00, 0x00, 0x00, 0x00, 0x00, 0x00, 0x00, // ................ 3D70
0x00, 0x00, 0x00, 0x00, 0x00, 0x00, 0x00, 0x00, 0x00, 0x00, 0x00, 0x00, 0x00, 0x00, 0x00, 0x00, // ................ 3D80
0x00, 0x00, 0x00, 0x00, 0x00, 0x00, 0x00, 0x00, 0x00, 0x00, 0x00, 0x00, 0x00, 0x00, 0x00, 0x00, // ................ 3D90
0x00, 0x00, 0x00, 0x00, 0x00, 0x00, 0x00, 0x00, 0x00, 0x00, 0x00, 0x00, 0x00, 0x00, 0x00, 0x00, // ................ 3DA0
0x00, 0x00, 0x00, 0x00, 0x00, 0x00, 0x00, 0x00, 0x00, 0x00, 0x00, 0x00, 0x00, 0x00, 0x00, 0x00, // ................ 3DB0
0x00, 0x00, 0x00, 0x00, 0x00, 0x00, 0x00, 0x00, 0x00, 0x00, 0x00, 0x00, 0x00, 0x00, 0x00, 0x00, // ................ 3DC0
0x00, 0x00, 0x00, 0x00, 0x00, 0x00, 0x00, 0x00, 0x00, 0x00, 0x00, 0x00, 0x00, 0x00, 0x00, 0x00, // ................ 3DD0
0x00, 0x00, 0x00, 0x00, 0x00, 0x00, 0x00, 0x00, 0x00, 0x00, 0x00, 0x00, 0x00, 0x00, 0x00, 0x00, // ................ 3DE0
0x00, 0x00, 0x00, 0x00, 0x00, 0x00, 0x00, 0x00, 0x00, 0x00, 0x00, 0x00, 0x00, 0x00, 0x00, 0x00, // ................ 3DF0
0x00, 0x00, 0x00, 0x00, 0x00, 0x00, 0x00, 0x00, 0x00, 0x00, 0x00, 0x00, 0x00, 0x00, 0x00, 0x00, // ................ 3E00
0x00, 0x00, 0x00, 0x00, 0x00, 0x00, 0x00, 0x00, 0x00, 0x00, 0x00, 0x00, 0x00, 0x00, 0x00, 0x00, // ................ 3E10
0x00, 0x00, 0x00, 0x00, 0x00, 0x00, 0x00, 0x00, 0x00, 0x00, 0x00, 0x00, 0x00, 0x00, 0x00, 0x00, // ................ 3E20
0x00, 0x00, 0x00, 0x00, 0x00, 0x00, 0x00, 0x00, 0x00, 0x00, 0x00, 0x00, 0x00, 0x00, 0x00, 0x00, // ................ 3E30
0x00, 0x00, 0x00, 0x00, 0x00, 0x00, 0x00, 0x00, 0x00, 0x00, 0x00, 0x00, 0x00, 0x00, 0x00, 0x00, // ................ 3E40
0x00, 0x00, 0x00, 0x00, 0x00, 0x00, 0x00, 0x00, 0x00, 0x00, 0x00, 0x00, 0x00, 0x00, 0x00, 0x00, // ................ 3E50
0x00, 0x00, 0x00, 0x00, 0x00, 0x00, 0x00, 0x00, 0x00, 0x00, 0x00, 0x00, 0x00, 0x00, 0x00, 0x00, // ................ 3E60
0x00, 0x00, 0x00, 0x00, 0x00, 0x00, 0x00, 0x00, 0x00, 0x00, 0x00, 0x00, 0x00, 0x00, 0x00, 0x00, // ................ 3E70
0x00, 0x00, 0x00, 0x00, 0x00, 0x00, 0x00, 0x00, 0x00, 0x00, 0x00, 0x00, 0x00, 0x00, 0x00, 0x00, // ................ 3E80
0x00, 0x00, 0x00, 0x00, 0x00, 0x00, 0x00, 0x00, 0x00, 0x00, 0x00, 0x00, 0x00, 0x00, 0x00, 0x00, // ................ 3E90
0x00, 0x00, 0x00, 0x00, 0x00, 0x00, 0x00, 0x00, 0x00, 0x00, 0x00, 0x00, 0x00, 0x00, 0x00, 0x00, // ................ 3EA0
0x00, 0x00, 0x00, 0x00, 0x00, 0x00, 0x00, 0x00, 0x00, 0x00, 0x00, 0x00, 0x00, 0x00, 0x00, 0x00, // ................ 3EB0
0x00, 0x00, 0x00, 0x00, 0x00, 0x00, 0x00, 0x00, 0x00, 0x00, 0x00, 0x00, 0x00, 0x00, 0x00, 0x00, // ................ 3EC0
0x00, 0x00, 0x00, 0x00, 0x00, 0x00, 0x00, 0x00, 0x00, 0x00, 0x00, 0x00, 0x00, 0x00, 0x00, 0x00, // ................ 3ED0
0x00, 0x00, 0x00, 0x00, 0x00, 0x00, 0x00, 0x00, 0x00, 0x00, 0x00, 0x00, 0x00, 0x00, 0x00, 0x00, // ................ 3EE0
0x00, 0x00, 0x00, 0x00, 0x00, 0x00, 0x00, 0x00, 0x00, 0x00, 0x00, 0x00, 0x00, 0x00, 0x00, 0x00, // ................ 3EF0
0x00, 0x00, 0x00, 0x00, 0x00, 0x00, 0x00, 0x00, 0x00, 0x00, 0x00, 0x00, 0x00, 0x00, 0x00, 0x00, // ................ 3F00
0x00, 0x00, 0x00, 0x00, 0x00, 0x00, 0x00, 0x00, 0x00, 0x00, 0x00, 0x00, 0x00, 0x00, 0x00, 0x00, // ................ 3F10
0x00, 0x00, 0x00, 0x00, 0x00, 0x00, 0x00, 0x00, 0x00, 0x00, 0x00, 0x00, 0x00, 0x00, 0x00, 0x00, // ................ 3F20
0x00, 0x00, 0x00, 0x00, 0x00, 0x00, 0x00, 0x00, 0x00, 0x00, 0x00, 0x00, 0x00, 0x00, 0x00, 0x00, // ................ 3F30
0x00, 0x00, 0x00, 0x00, 0x00, 0x00, 0x00, 0x00, 0x00, 0x00, 0x00, 0x00, 0x00, 0x00, 0x00, 0x00, // ................ 3F40
0x00, 0x00, 0x00, 0x00, 0x00, 0x00, 0x00, 0x00, 0x00, 0x00, 0x00, 0x00, 0x00, 0x00, 0x00, 0x00, // ................ 3F50
0x00, 0x00, 0x00, 0x00, 0x00, 0x00, 0x00, 0x00, 0x00, 0x00, 0x00, 0x00, 0x00, 0x00, 0x00, 0x00, // ................ 3F60
0x00, 0x00, 0x00, 0x00, 0x00, 0x00, 0x00, 0x00, 0x00, 0x00, 0x00, 0x00, 0x00, 0x00, 0x00, 0x00, // ................ 3F70
0x00, 0x00, 0x00, 0x00, 0x00, 0x00, 0x00, 0x00, 0x00, 0x00, 0x00, 0x00, 0x00, 0x00, 0x00, 0x00, // ................ 3F80
0x00, 0x00, 0x00, 0x00, 0x00, 0x00, 0x00, 0x00, 0x00, 0x00, 0x00, 0x00, 0x00, 0x00, 0x00, 0x00, // ................ 3F90
0x00, 0x00, 0x00, 0x00, 0x00, 0x00, 0x00, 0x00, 0x00, 0x00, 0x00, 0x00, 0x00, 0x00, 0x00, 0x00, // ................ 3FA0
0x00, 0x00, 0x00, 0x00, 0x00, 0x00, 0x00, 0x00, 0x00, 0x00, 0x00, 0x00, 0x00, 0x00, 0x00, 0x00, // ................ 3FB0
0x00, 0x00, 0x00, 0x00, 0x00, 0x00, 0x00, 0x00, 0x00, 0x00, 0x00, 0x00, 0x00, 0x00, 0x00, 0x00, // ................ 3FC0
0x00, 0x00, 0x00, 0x00, 0x00, 0x00, 0x00, 0x00, 0x00, 0x00, 0x00, 0x00, 0x00, 0x00, 0x00, 0x00, // ................ 3FD0
0x00, 0x00, 0x00, 0x00, 0x00, 0x00, 0x00, 0x00, 0x00, 0x00, 0x00, 0x00, 0x00, 0x00, 0x00, 0x00, // ................ 3FE0
0x00, 0x00, 0x00, 0x00, 0x00, 0x00, 0x00, 0x00, 0x00, 0x00, 0x00, 0x00, 0x00, 0x00, 0x00, 0x00, // ................ 3FF0
};
